split,query_id,true_host,predicted_host,top_hit_id,top_hit_host,top_hit_phage_id,top_hit_sequence_cluster_40,query_phage_id,query_sequence_cluster_40,pident,alignment_length,query_coverage,subject_coverage,evalue,bitscore,correct,audit_note
validation,ACF15774.1,escherichia,klebsiella,UVX31345.1,klebsiella,ON602754,official_cdhit_seq_cluster_40_00598,EU734171,official_cdhit_seq_cluster_40_03675,40.541,,19,,2.6,27.3,False,
validation,AKQ06854.1,acinetobacter,acinetobacter,WCF71633.1,acinetobacter,OQ101251,official_cdhit_seq_cluster_40_00649,KR149290,official_cdhit_seq_cluster_40_01116,66.667,,36,,2.84e-101,327.0,True,
validation,AND75207.1,acinetobacter,acinetobacter,QIW91555.1,acinetobacter,MT188223,official_cdhit_seq_cluster_40_03211,KU935715,official_cdhit_seq_cluster_40_00292,37.719,,19,,1.01e-27,114.0,True,
validation,AND75209.1,acinetobacter,klebsiella,UZT48345.1,klebsiella,OP620756,official_cdhit_seq_cluster_40_00477,KU935715,official_cdhit_seq_cluster_40_02926,36.170,,12,,2.4,28.5,False,
validation,AND75211.1,acinetobacter,pseudomonas,QXV71716.1,pseudomonas,MZ348426,official_cdhit_seq_cluster_40_01994,KU935715,official_cdhit_seq_cluster_40_04128,32.468,,31,,1.8,28.1,False,
validation,AND75212.1,acinetobacter,enterobacter,BBK03769.2,enterobacter,LC373201,official_cdhit_seq_cluster_40_00372,KU935715,official_cdhit_seq_cluster_40_02287,34.483,,20,,0.030,35.8,False,
validation,AND75261.1,acinetobacter,pseudomonas,BEG72414.1,pseudomonas,LC765218,official_cdhit_seq_cluster_40_03375,KU935715,official_cdhit_seq_cluster_40_04942,37.705,,50,,1.25e-04,38.1,False,
validation,AND75267.1,acinetobacter,pseudomonas,QMP19179.1,pseudomonas,MT613935,official_cdhit_seq_cluster_40_02373,KU935715,official_cdhit_seq_cluster_40_02144,38.217,,26,,3.58e-23,101.0,False,
validation,AQN32219.1,staphylococcus,staphylococcus,AZB66739.1,staphylococcus,MK075004,official_cdhit_seq_cluster_40_00158,KY389063,official_cdhit_seq_cluster_40_00205,42.015,,76,,0.0,701.0,True,
validation,AQN32273.1,staphylococcus,staphylococcus,AZB66739.1,staphylococcus,MK075004,official_cdhit_seq_cluster_40_00158,KY389064,official_cdhit_seq_cluster_40_00205,42.888,,75,,0.0,708.0,True,
validation,AQN32697.1,acinetobacter,acinetobacter,WCF71633.1,acinetobacter,OQ101251,official_cdhit_seq_cluster_40_00649,KY268296,official_cdhit_seq_cluster_40_01116,67.021,,36,,4.64e-101,327.0,True,
validation,ARV77118.1,pseudomonas,pseudomonas,BAO53066.1,pseudomonas,AB910392,official_cdhit_seq_cluster_40_02921,MF042361,official_cdhit_seq_cluster_40_02086,53.333,,5,,0.015,36.6,True,
validation,ARV77122.1,pseudomonas,pseudomonas,OK638201_00052,pseudomonas,OK638201,official_cdhit_seq_cluster_40_02129,MF042361,official_cdhit_seq_cluster_40_03650,44.000,,17,,4.18e-04,40.0,True,
validation,ASN73353.1,acinetobacter,acinetobacter,QQM15083.1,acinetobacter,MW366784,official_cdhit_seq_cluster_40_01639,MF033347,official_cdhit_seq_cluster_40_01222,96.154,,21,,1.42e-95,310.0,True,
validation,ATN92736.1,escherichia,escherichia,URC09763.1,escherichia,ON470605,official_cdhit_seq_cluster_40_00422,MG197996,official_cdhit_seq_cluster_40_01845,71.186,,28,,2.57e-69,241.0,True,
validation,AUM59621.1,pseudomonas,enterobacter,AFH20262.1,enterobacter,JQ086370,official_cdhit_seq_cluster_40_00179,MG596799,official_cdhit_seq_cluster_40_00255,31.029,,97,,4.59e-166,523.0,False,
validation,AUM59634.1,pseudomonas,pseudomonas,UVN14110.1,pseudomonas,ON857939,official_cdhit_seq_cluster_40_02129,MG596799,official_cdhit_seq_cluster_40_02530,32.343,,60,,3.73e-38,145.0,True,
validation,AUV59069.1,escherichia,escherichia,QXV81381.1,escherichia,MZ501084,official_cdhit_seq_cluster_40_00605,MG770228,official_cdhit_seq_cluster_40_00112,30.108,,47,,7.54e-09,58.9,True,
validation,AUV59070.1,escherichia,pseudomonas,ATW58130.1,pseudomonas,MG018928,official_cdhit_seq_cluster_40_00683,MG770228,official_cdhit_seq_cluster_40_02227,37.410,,49,,2.14e-46,166.0,False,
validation,AUV59081.1,escherichia,escherichia,QBP35555.1,escherichia,MK310184,official_cdhit_seq_cluster_40_05028,MG770228,official_cdhit_seq_cluster_40_05060,33.333,,42,,1.9,23.9,True,
validation,AUX83623.1,escherichia,escherichia,QNH91754.1,escherichia,MT808983,official_cdhit_seq_cluster_40_01133,MG845865,official_cdhit_seq_cluster_40_00550,59.783,,28,,2.22e-95,317.0,True,
validation,AWD93137.1,acinetobacter,klebsiella,QIN94997.1,klebsiella,MT075871,official_cdhit_seq_cluster_40_00060,MH115576,official_cdhit_seq_cluster_40_05033,49.123,,89,,1.12e-09,51.2,False,
validation,AWD93171.1,acinetobacter,acinetobacter,UJE34831.1,acinetobacter,OL960030,official_cdhit_seq_cluster_40_04200,MH115576,official_cdhit_seq_cluster_40_04100,29.078,,58,,1.07e-04,40.8,True,
validation,AYR04237.1,escherichia,acinetobacter,AGY48149.1,acinetobacter,KF669658,official_cdhit_seq_cluster_40_01101,MH992123,official_cdhit_seq_cluster_40_00724,23.026,,85,,3.87e-11,65.5,False,
validation,AYR04249.1,escherichia,escherichia,QXV78164.1,escherichia,MZ501063,official_cdhit_seq_cluster_40_00605,MH992123,official_cdhit_seq_cluster_40_00112,23.210,,50,,3.64e-09,59.7,True,
validation,AYR04250.1,escherichia,pseudomonas,ATW58130.1,pseudomonas,MG018928,official_cdhit_seq_cluster_40_00683,MH992123,official_cdhit_seq_cluster_40_02227,36.691,,49,,6.68e-44,159.0,False,
validation,CAE6410373.1,escherichia,escherichia,QXV81381.1,escherichia,MZ501084,official_cdhit_seq_cluster_40_00605,LR999871,official_cdhit_seq_cluster_40_00112,30.108,,49,,1.49e-09,61.2,True,
validation,CAE6410382.1,escherichia,pseudomonas,ATW58130.1,pseudomonas,MG018928,official_cdhit_seq_cluster_40_00683,LR999871,official_cdhit_seq_cluster_40_02227,37.770,,49,,8.21e-48,170.0,False,
validation,CAH0462311.1,escherichia,escherichia,QXV81381.1,escherichia,MZ501084,official_cdhit_seq_cluster_40_00605,OV049961,official_cdhit_seq_cluster_40_00112,31.551,,49,,1.97e-10,63.9,True,
validation,CAH1091243.1,acinetobacter,acinetobacter,QJS52914.1,acinetobacter,MT361972,official_cdhit_seq_cluster_40_03061,CAKLQF020000022,official_cdhit_seq_cluster_40_03007,40.824,,65,,2.98e-51,174.0,True,
validation,CAH1091261.1,acinetobacter,pseudomonas,UOL48387.1,pseudomonas,OM982619,official_cdhit_seq_cluster_40_04201,CAKLQF020000022,official_cdhit_seq_cluster_40_04299,27.381,,70,,2.49e-04,39.3,False,
validation,CAH1092948.1,acinetobacter,acinetobacter,QJS52914.1,acinetobacter,MT361972,official_cdhit_seq_cluster_40_03061,CAKLQF020000027,official_cdhit_seq_cluster_40_03007,40.217,,68,,6.61e-52,176.0,True,
validation,CAH6421885.1,escherichia,pseudomonas,ATW58130.1,pseudomonas,MG018928,official_cdhit_seq_cluster_40_00683,OW991345,official_cdhit_seq_cluster_40_02227,37.770,,49,,1.16e-47,169.0,False,
validation,CAI7679411.1,enterococcus,enterococcus,UMO77020.1,enterococcus,OL799260,official_cdhit_seq_cluster_40_00024,OX422066,official_cdhit_seq_cluster_40_00145,62.391,,25,,3.30e-109,377.0,True,
validation,CCG06210.1,escherichia,klebsiella,OX335396_00070,klebsiella,OX335396,official_cdhit_seq_cluster_40_04596,HE664024,official_cdhit_seq_cluster_40_04657,36.364,,71,,3.91e-14,65.1,False,
validation,CP054387_00045,escherichia,klebsiella,OX335396_00070,klebsiella,OX335396,official_cdhit_seq_cluster_40_04596,CP054387,official_cdhit_seq_cluster_40_04657,37.692,,73,,2.14e-14,65.9,False,
validation,CP054387_00046,escherichia,escherichia,CDN90784.1,escherichia,FO818745,official_cdhit_seq_cluster_40_00498,CP054387,official_cdhit_seq_cluster_40_00356,47.209,,48,,4.87e-142,451.0,True,
validation,OK490412_00036,klebsiella,klebsiella,QEG04422.1,klebsiella,MN013086,official_cdhit_seq_cluster_40_04079,OK490412,official_cdhit_seq_cluster_40_03900,26.923,,94,,2.51e-04,40.0,True,
validation,OK490416_00076,klebsiella,klebsiella,UAW06833.1,klebsiella,MZ836210,official_cdhit_seq_cluster_40_00675,OK490416,official_cdhit_seq_cluster_40_01714,49.242,,20,,1.92e-28,119.0,True,
validation,OM632664_00027,escherichia,acinetobacter,AGY48149.1,acinetobacter,KF669658,official_cdhit_seq_cluster_40_01101,OM632664,official_cdhit_seq_cluster_40_00724,23.026,,39,,2.42e-11,65.9,False,
validation,OM632664_00040,escherichia,pseudomonas,ATW58130.1,pseudomonas,MG018928,official_cdhit_seq_cluster_40_00683,OM632664,official_cdhit_seq_cluster_40_02227,38.610,,47,,8.04e-46,164.0,False,
validation,OM964875_00064,klebsiella,klebsiella,KY575286_00071,klebsiella,KY575286,official_cdhit_seq_cluster_40_00998,OM964875,official_cdhit_seq_cluster_40_00608,96.373,,21,,2.87e-111,360.0,True,
validation,OP745420_00030,enterococcus,enterococcus,UMO77020.1,enterococcus,OL799260,official_cdhit_seq_cluster_40_00024,OP745420,official_cdhit_seq_cluster_40_00145,62.798,,52,,4.00e-113,372.0,True,
validation,OP745420_00031,enterococcus,staphylococcus,ANT44711.1,staphylococcus,KX171212,official_cdhit_seq_cluster_40_00405,OP745420,official_cdhit_seq_cluster_40_02698,30.928,,42,,3.45e-16,79.7,False,
validation,QBI84127.1,pseudomonas,escherichia,AKH49390.1,escherichia,KR073661,official_cdhit_seq_cluster_40_04163,MK511066,official_cdhit_seq_cluster_40_04590,52.023,,97,,1.10e-61,188.0,False,
validation,QBI84128.1,pseudomonas,escherichia,AKH49391.1,escherichia,KR073661,official_cdhit_seq_cluster_40_01933,MK511066,official_cdhit_seq_cluster_40_01212,45.625,,21,,1.22e-34,135.0,False,
validation,QBI84132.1,pseudomonas,escherichia,,,,,MK511066,official_cdhit_seq_cluster_40_04936,,,,,,,False,no BLAST hit; majority-host fallback
validation,QBO65890.1,escherichia,klebsiella,UQJ95516.1,klebsiella,OM971649,official_cdhit_seq_cluster_40_02582,MK327945,official_cdhit_seq_cluster_40_01326,22.472,,11,,3.9,28.9,False,
validation,QDF14951.1,escherichia,acinetobacter,AGY48149.1,acinetobacter,KF669658,official_cdhit_seq_cluster_40_01101,MK931297,official_cdhit_seq_cluster_40_00724,23.140,,79,,1.82e-10,63.2,False,
validation,QDF14962.1,escherichia,escherichia,QXV78164.1,escherichia,MZ501063,official_cdhit_seq_cluster_40_00605,MK931297,official_cdhit_seq_cluster_40_00112,23.210,,50,,3.43e-09,60.1,True,
validation,QDF14963.1,escherichia,pseudomonas,ATW58130.1,pseudomonas,MG018928,official_cdhit_seq_cluster_40_00683,MK931297,official_cdhit_seq_cluster_40_02227,38.996,,47,,5.94e-47,167.0,False,
validation,QEG10357.1,klebsiella,escherichia,CAJ42254.1,escherichia,AM156909,official_cdhit_seq_cluster_40_00556,MN101222,official_cdhit_seq_cluster_40_01849,51.376,,17,,1.82e-25,110.0,False,
validation,QEG11145.1,klebsiella,klebsiella,ACY66699.1,klebsiella,GQ413937,official_cdhit_seq_cluster_40_00790,MN101227,official_cdhit_seq_cluster_40_01162,95.455,,20,,5.51e-89,297.0,True,
validation,QGF19612.1,escherichia,escherichia,ATS92541.1,escherichia,MG208881,official_cdhit_seq_cluster_40_00411,MN187550,official_cdhit_seq_cluster_40_01486,46.542,,74,,8.40e-156,474.0,True,
validation,QGK90498.1,acinetobacter,acinetobacter,UVD33039.1,acinetobacter,OP019135,official_cdhit_seq_cluster_40_01503,MN604239,official_cdhit_seq_cluster_40_01431,63.197,,37,,1.14e-95,310.0,True,
validation,QIA28514.1,staphylococcus,klebsiella,UZN24216.1,klebsiella,OP413828,official_cdhit_seq_cluster_40_01781,MN940411,official_cdhit_seq_cluster_40_00336,78.947,,7,,1.06e-11,67.4,False,
validation,QIA28515.1,staphylococcus,klebsiella,QWT56644.1,klebsiella,MW590329,official_cdhit_seq_cluster_40_02158,MN940411,official_cdhit_seq_cluster_40_01761,23.932,,18,,1.77e-05,46.2,False,
validation,QIA28516.1,staphylococcus,staphylococcus,MZ417334_00205,staphylococcus,MZ417334,official_cdhit_seq_cluster_40_01293,MN940411,official_cdhit_seq_cluster_40_01460,25.061,,72,,5.57e-08,53.9,True,
validation,QIA28519.1,staphylococcus,enterococcus,UQT00485.1,enterococcus,ON113169,official_cdhit_seq_cluster_40_00324,MN940411,official_cdhit_seq_cluster_40_00268,48.145,,99,,0.0,1100.0,False,
validation,QIA28521.1,staphylococcus,klebsiella,BBF66867.1,klebsiella,LC413194,official_cdhit_seq_cluster_40_00877,MN940411,official_cdhit_seq_cluster_40_02131,23.400,,88,,7.25e-27,114.0,False,
validation,QIA28610.1,staphylococcus,klebsiella,BAQ02841.1,klebsiella,AB897757,official_cdhit_seq_cluster_40_00739,MN940411,official_cdhit_seq_cluster_40_02513,32.184,,17,,0.002,39.7,False,
validation,QIA28670.1,staphylococcus,escherichia,AVZ45589.1,escherichia,MH051334,official_cdhit_seq_cluster_40_01538,MN940411,official_cdhit_seq_cluster_40_02260,27.602,,35,,0.16,33.1,False,
validation,QIA28689.1,staphylococcus,klebsiella,QQV92007.1,klebsiella,MW394391,official_cdhit_seq_cluster_40_01319,MN940411,official_cdhit_seq_cluster_40_01443,33.333,,12,,0.52,32.0,False,
validation,QIA28696.1,staphylococcus,staphylococcus,WCO82424.1,staphylococcus,OP856857,official_cdhit_seq_cluster_40_00991,MN940411,official_cdhit_seq_cluster_40_00011,29.227,,77,,7.10e-48,176.0,True,
validation,QIA28727.1,staphylococcus,escherichia,OX461087_00052,escherichia,OX461087,official_cdhit_seq_cluster_40_03965,MN940411,official_cdhit_seq_cluster_40_01640,36.145,,12,,0.005,37.7,False,
validation,QIA28728.1,staphylococcus,enterococcus,ASZ76807.1,enterococcus,MF001358,official_cdhit_seq_cluster_40_03823,MN940411,official_cdhit_seq_cluster_40_00011,48.276,,3,,0.28,32.7,False,
validation,QJD54995.1,pseudomonas,staphylococcus,AIB56192.1,staphylococcus,KJ452291,official_cdhit_seq_cluster_40_01976,MT104471,official_cdhit_seq_cluster_40_02036,33.333,,5,,9.0,27.7,False,
validation,QOI58119.1,escherichia,escherichia,QEG09711.1,escherichia,MK903279,official_cdhit_seq_cluster_40_00699,MT833387,official_cdhit_seq_cluster_40_01084,44.838,,80,,3.27e-166,502.0,True,
validation,QPN96335.1,escherichia,escherichia,QXV81381.1,escherichia,MZ501084,official_cdhit_seq_cluster_40_00605,MW175414,official_cdhit_seq_cluster_40_00112,30.108,,47,,1.45e-09,61.2,True,
validation,QPN96336.1,escherichia,pseudomonas,ATW58130.1,pseudomonas,MG018928,official_cdhit_seq_cluster_40_00683,MW175414,official_cdhit_seq_cluster_40_02227,38.824,,46,,4.11e-46,165.0,False,
validation,QQM14191.1,enterobacter,pseudomonas,ANU79109.1,pseudomonas,KX458241,official_cdhit_seq_cluster_40_00815,MW205203,official_cdhit_seq_cluster_40_00950,28.205,,14,,0.008,38.1,False,
validation,QQO90808.1,pseudomonas,enterobacter,AFE86146.1,enterobacter,JQ267518,official_cdhit_seq_cluster_40_02320,MW286266,official_cdhit_seq_cluster_40_02014,41.406,,21,,2.77e-23,102.0,False,
validation,QQO90859.1,pseudomonas,enterobacter,AFE86146.1,enterobacter,JQ267518,official_cdhit_seq_cluster_40_02320,MW286267,official_cdhit_seq_cluster_40_02014,41.406,,21,,2.56e-23,102.0,False,
validation,QQO97001.1,acinetobacter,acinetobacter,AZU99445.1,acinetobacter,MK257723,official_cdhit_seq_cluster_40_00960,MW345241,official_cdhit_seq_cluster_40_01272,83.784,,30,,3.94e-103,333.0,True,
validation,QXV75778.1,escherichia,escherichia,QHR65697.1,escherichia,MN850571,official_cdhit_seq_cluster_40_01435,MZ501049,official_cdhit_seq_cluster_40_02886,31.418,,61,,7.41e-31,123.0,True,
validation,QYV99574.1,pseudomonas,klebsiella,QBP07807.1,klebsiella,MK416020,official_cdhit_seq_cluster_40_00532,MT995928,official_cdhit_seq_cluster_40_04899,29.310,,44,,2.4,26.2,False,
validation,SPF82154.1,pseudomonas,pseudomonas,BEQ12904.1,pseudomonas,LC776701,official_cdhit_seq_cluster_40_03659,LT986460,official_cdhit_seq_cluster_40_03619,41.212,,41,,1.04e-25,102.0,True,
validation,UAW09804.1,acinetobacter,acinetobacter,WCF71633.1,acinetobacter,OQ101251,official_cdhit_seq_cluster_40_00649,MZ868724,official_cdhit_seq_cluster_40_01222,97.333,,20,,1.42e-92,303.0,True,
validation,UAW09972.1,acinetobacter,acinetobacter,WIS40047.1,acinetobacter,OR075895,official_cdhit_seq_cluster_40_01503,MZ936314,official_cdhit_seq_cluster_40_01431,62.825,,37,,7.30e-95,308.0,True,
validation,UAW10027.1,acinetobacter,acinetobacter,QQM15083.1,acinetobacter,MW366784,official_cdhit_seq_cluster_40_01639,MZ936315,official_cdhit_seq_cluster_40_01278,98.667,,20,,1.43e-93,304.0,True,
validation,UCR74491.1,klebsiella,escherichia,VUF53389.1,escherichia,LR597645,official_cdhit_seq_cluster_40_02421,OK019720,official_cdhit_seq_cluster_40_01849,44.776,,37,,1.72e-27,114.0,False,
validation,UMO77109.1,escherichia,escherichia,ATS92541.1,escherichia,MG208881,official_cdhit_seq_cluster_40_00411,OM272052,official_cdhit_seq_cluster_40_01486,48.485,,77,,6.12e-163,491.0,True,
validation,UPU15850.1,klebsiella,escherichia,VUF53389.1,escherichia,LR597645,official_cdhit_seq_cluster_40_02421,ON045001,official_cdhit_seq_cluster_40_01849,39.429,,42,,1.05e-26,112.0,False,
validation,UUG68514.1,acinetobacter,acinetobacter,QJS52914.1,acinetobacter,MT361972,official_cdhit_seq_cluster_40_03061,ON531988,official_cdhit_seq_cluster_40_03007,42.797,,59,,7.60e-51,173.0,True,
validation,UUU45390.1,klebsiella,klebsiella,ACY66699.1,klebsiella,GQ413937,official_cdhit_seq_cluster_40_00790,OP013026,official_cdhit_seq_cluster_40_01162,95.455,,20,,1.15e-88,296.0,True,
validation,UVX31720.1,klebsiella,klebsiella,QYW02926.1,klebsiella,MZ440881,official_cdhit_seq_cluster_40_00598,ON602760,official_cdhit_seq_cluster_40_00696,62.555,,25,,1.06e-77,268.0,True,
validation,UZS00914.1,pseudomonas,pseudomonas,UMO76441.1,pseudomonas,OL412002,official_cdhit_seq_cluster_40_03235,OP714164,official_cdhit_seq_cluster_40_02960,48.936,,12,,1.12e-05,45.4,True,
validation,WAX12405.1,enterococcus,enterococcus,QBZ69316.1,enterococcus,MK721190,official_cdhit_seq_cluster_40_01572,OP172780,official_cdhit_seq_cluster_40_02473,23.438,,69,,8.16e-09,56.6,True,
validation,WAX12581.1,enterococcus,enterococcus,QBZ69316.1,enterococcus,MK721190,official_cdhit_seq_cluster_40_01572,OP172781,official_cdhit_seq_cluster_40_02473,23.438,,69,,1.22e-08,55.8,True,
validation,WAX12700.1,enterococcus,enterococcus,QBZ69316.1,enterococcus,MK721190,official_cdhit_seq_cluster_40_01572,OP172783,official_cdhit_seq_cluster_40_02473,30.702,,36,,8.38e-04,40.4,True,
validation,WAX12754.1,enterococcus,enterococcus,WGH50155.1,enterococcus,OQ623132,official_cdhit_seq_cluster_40_01429,OP172783,official_cdhit_seq_cluster_40_03565,32.090,,42,,2.59e-11,62.8,True,
validation,WAX22756.1,pseudomonas,pseudomonas,ASD52219.1,pseudomonas,KY971611,official_cdhit_seq_cluster_40_01844,OP924544,official_cdhit_seq_cluster_40_01620,81.325,,24,,7.68e-86,281.0,True,
test,ADQ12745.1,acinetobacter,acinetobacter,WEM05711.1,acinetobacter,OQ451773,official_cdhit_seq_cluster_40_00649,HQ186308,official_cdhit_seq_cluster_40_00698,96.465,,22,,2.95e-125,399.0,True,
test,AEV89494.1,pseudomonas,klebsiella,QEG10055.1,klebsiella,MN101218,official_cdhit_seq_cluster_40_02383,JN627160,official_cdhit_seq_cluster_40_01822,29.167,,11,,2.8,29.3,False,
test,AEV89573.1,pseudomonas,klebsiella,WNA13782.1,klebsiella,OQ830459,official_cdhit_seq_cluster_40_02503,JN627160,official_cdhit_seq_cluster_40_04382,33.898,,28,,0.25,30.4,False,
test,AEV89620.1,pseudomonas,klebsiella,QGH72010.1,klebsiella,MN642089,official_cdhit_seq_cluster_40_02674,JN627160,official_cdhit_seq_cluster_40_02597,31.683,,99,,2.00e-41,152.0,False,
test,AEV89640.1,pseudomonas,klebsiella,UYL05423.1,klebsiella,OP617745,official_cdhit_seq_cluster_40_01362,JN627160,official_cdhit_seq_cluster_40_02459,28.333,,12,,2.0,29.6,False,
test,AFD10690.1,pseudomonas,pseudomonas,AFU62926.1,pseudomonas,JX863101,official_cdhit_seq_cluster_40_04291,JN254801,official_cdhit_seq_cluster_40_04310,52.489,,100,,2.32e-64,197.0,True,
test,AFD10692.1,pseudomonas,acinetobacter,URG13838.1,acinetobacter,ON323491,official_cdhit_seq_cluster_40_03345,JN254801,official_cdhit_seq_cluster_40_04209,29.688,,27,,2.5,27.7,False,
test,AFH14611.1,pseudomonas,escherichia,SMH63911.1,escherichia,LT841304,official_cdhit_seq_cluster_40_03383,JQ768459,official_cdhit_seq_cluster_40_01121,31.818,,19,,4.07e-05,45.1,False,
test,AFH14764.1,pseudomonas,escherichia,QYC96896.1,escherichia,MZ398243,official_cdhit_seq_cluster_40_00497,JQ768459,official_cdhit_seq_cluster_40_00432,30.769,,7,,1.3,31.6,False,
test,AFH14765.1,pseudomonas,pseudomonas,QFR59610.1,pseudomonas,MN504636,official_cdhit_seq_cluster_40_02452,JQ768459,official_cdhit_seq_cluster_40_02460,21.875,,25,,1.5,30.0,True,
test,AFH14767.1,pseudomonas,escherichia,QHR72935.1,escherichia,MN850624,official_cdhit_seq_cluster_40_00478,JQ768459,official_cdhit_seq_cluster_40_01169,35.714,,9,,0.31,32.7,False,
test,AFH14771.1,pseudomonas,escherichia,AVD99025.1,escherichia,MG710528,official_cdhit_seq_cluster_40_01008,JQ768459,official_cdhit_seq_cluster_40_03349,40.860,,51,,1.34e-18,85.1,False,
test,AFH14772.1,pseudomonas,staphylococcus,CP018841_00030,staphylococcus,CP018841,official_cdhit_seq_cluster_40_01415,JQ768459,official_cdhit_seq_cluster_40_04635,45.882,,49,,1.47e-13,65.9,False,
test,AFH14774.1,pseudomonas,escherichia,QUL77272.1,escherichia,MW250786,official_cdhit_seq_cluster_40_02349,JQ768459,official_cdhit_seq_cluster_40_01646,48.404,,28,,1.14e-26,113.0,False,
test,AFH14775.1,pseudomonas,klebsiella,QEG12101.1,klebsiella,MN013077,official_cdhit_seq_cluster_40_00396,JQ768459,official_cdhit_seq_cluster_40_00090,42.308,,2,,0.87,32.3,False,
test,AFH14777.1,pseudomonas,klebsiella,QFR57558.1,klebsiella,MN434096,official_cdhit_seq_cluster_40_01628,JQ768459,official_cdhit_seq_cluster_40_02976,28.814,,15,,2.6,28.5,False,
test,AFH14778.1,pseudomonas,pseudomonas,QDH93841.1,pseudomonas,MN096267,official_cdhit_seq_cluster_40_00679,JQ768459,official_cdhit_seq_cluster_40_03220,29.545,,23,,2.3,28.9,True,
test,AFH14780.1,pseudomonas,klebsiella,URY99179.1,klebsiella,OL362270,official_cdhit_seq_cluster_40_03986,JQ768459,official_cdhit_seq_cluster_40_02679,35.714,,9,,3.1,28.5,False,
test,AFH14781.1,pseudomonas,klebsiella,UYL05708.1,klebsiella,OP617746,official_cdhit_seq_cluster_40_00217,JQ768459,official_cdhit_seq_cluster_40_02657,28.030,,28,,0.049,34.7,False,
test,AFH14786.1,pseudomonas,escherichia,AGD81076.1,escherichia,KC109329,official_cdhit_seq_cluster_40_00422,JQ768459,official_cdhit_seq_cluster_40_03437,28.671,,41,,0.099,32.7,False,
test,AFU62293.1,acinetobacter,klebsiella,AUV59228.1,klebsiella,MG770379,official_cdhit_seq_cluster_40_00293,JX560521,official_cdhit_seq_cluster_40_03291,30.822,,36,,1.0,29.6,False,
test,AFU62317.1,acinetobacter,pseudomonas,WAX22804.1,pseudomonas,OP917824,official_cdhit_seq_cluster_40_02870,JX560521,official_cdhit_seq_cluster_40_03737,30.597,,46,,2.18e-08,53.1,False,
test,AFU62318.1,acinetobacter,pseudomonas,WAX22804.1,pseudomonas,OP917824,official_cdhit_seq_cluster_40_02870,JX560521,official_cdhit_seq_cluster_40_01243,39.683,,17,,5.98e-18,85.5,False,
test,AFV50634.1,pseudomonas,pseudomonas,UVD41334.1,pseudomonas,ON778006,official_cdhit_seq_cluster_40_01115,JX676771,official_cdhit_seq_cluster_40_01323,40.984,,33,,6.35e-42,162.0,True,
test,AFV50639.1,pseudomonas,pseudomonas,QZA71262.1,pseudomonas,MZ501271,official_cdhit_seq_cluster_40_03070,JX676771,official_cdhit_seq_cluster_40_03350,46.193,,99,,1.78e-106,315.0,True,
test,AFV51022.1,acinetobacter,acinetobacter,QFG15400.1,acinetobacter,MN212906,official_cdhit_seq_cluster_40_00649,JX658790,official_cdhit_seq_cluster_40_00698,90.498,,28,,1.27e-125,390.0,True,
test,AFV51555.1,acinetobacter,acinetobacter,QOV07800.1,acinetobacter,MW056502,official_cdhit_seq_cluster_40_00649,JX976549,official_cdhit_seq_cluster_40_01515,78.182,,8,,1.10e-20,95.5,True,
test,AFV51556.1,acinetobacter,pseudomonas,WAX22804.1,pseudomonas,OP917824,official_cdhit_seq_cluster_40_02870,JX976549,official_cdhit_seq_cluster_40_03737,29.457,,45,,4.90e-10,58.2,False,
test,AFV51565.1,acinetobacter,enterobacter,AAX45913.1,enterobacter,AY848689,official_cdhit_seq_cluster_40_02027,JX976549,official_cdhit_seq_cluster_40_01617,27.103,,13,,1.1,30.8,False,
test,AGC35291.1,pseudomonas,pseudomonas,AFU62926.1,pseudomonas,JX863101,official_cdhit_seq_cluster_40_04291,KC294142,official_cdhit_seq_cluster_40_04310,52.941,,100,,1.04e-64,197.0,True,
test,AGC35305.1,acinetobacter,acinetobacter,WCF71633.1,acinetobacter,OQ101251,official_cdhit_seq_cluster_40_00649,KC311669,official_cdhit_seq_cluster_40_00853,61.433,,43,,1.98e-117,372.0,True,
test,AGS81961.1,pseudomonas,escherichia,QXV80034.1,escherichia,MZ501074,official_cdhit_seq_cluster_40_00122,KF147891,official_cdhit_seq_cluster_40_02672,31.646,,16,,7.8,27.7,False,
test,AGS82090.1,pseudomonas,pseudomonas,QRE00589.1,pseudomonas,MW460249,official_cdhit_seq_cluster_40_02439,KF147891,official_cdhit_seq_cluster_40_00033,34.940,,5,,0.23,34.3,True,
test,AGS82115.1,pseudomonas,escherichia,UTQ72552.1,escherichia,ON862890,official_cdhit_seq_cluster_40_00279,KF147891,official_cdhit_seq_cluster_40_00257,27.344,,9,,0.26,33.9,False,
test,AGS82119.1,pseudomonas,staphylococcus,QQV87982.1,staphylococcus,MW221967,official_cdhit_seq_cluster_40_02796,KF147891,official_cdhit_seq_cluster_40_02686,44.231,,30,,2.28e-11,63.9,False,
test,AGS82120.2,pseudomonas,escherichia,UZZ64190.1,escherichia,OP744025,official_cdhit_seq_cluster_40_02349,KF147891,official_cdhit_seq_cluster_40_03349,43.571,,64,,7.95e-17,77.4,False,
test,AGS82121.1,pseudomonas,staphylococcus,ANM47011.1,staphylococcus,KX156762,official_cdhit_seq_cluster_40_00405,KF147891,official_cdhit_seq_cluster_40_03891,54.098,,44,,1.96e-12,62.8,False,
test,AGS82135.2,pseudomonas,enterococcus,ACZ63756.1,enterococcus,GQ478081,official_cdhit_seq_cluster_40_02515,KF147891,official_cdhit_seq_cluster_40_03439,22.222,,19,,0.32,31.2,False,
test,AGS82138.1,pseudomonas,escherichia,WIL78214.1,escherichia,OR062524,official_cdhit_seq_cluster_40_01931,KF147891,official_cdhit_seq_cluster_40_02063,32.609,,15,,0.23,32.7,False,
test,AGS82139.2,pseudomonas,escherichia,AQN32354.1,escherichia,KY398841,official_cdhit_seq_cluster_40_00610,KF147891,official_cdhit_seq_cluster_40_01883,37.209,,7,,2.7,29.6,False,
test,AGS82141.2,pseudomonas,escherichia,CUL01631.1,escherichia,LN881728,official_cdhit_seq_cluster_40_03096,KF147891,official_cdhit_seq_cluster_40_01828,28.125,,14,,2.5,29.3,False,
test,AGY48011.1,acinetobacter,acinetobacter,AJT61388.1,acinetobacter,KP861230,official_cdhit_seq_cluster_40_02731,KF669656,official_cdhit_seq_cluster_40_00644,48.804,,23,,6.35e-56,196.0,True,
test,AHZ95032.1,pseudomonas,pseudomonas,ATN93582.1,pseudomonas,MF975720,official_cdhit_seq_cluster_40_00230,KJ507100,official_cdhit_seq_cluster_40_00443,47.818,,51,,4.20e-140,450.0,True,
test,AHZ95034.1,pseudomonas,pseudomonas,UEP18670.1,pseudomonas,MZ955867,official_cdhit_seq_cluster_40_04254,KJ507100,official_cdhit_seq_cluster_40_04270,30.935,,59,,3.43e-09,53.5,True,
test,AHZ95035.1,pseudomonas,pseudomonas,ATN93580.1,pseudomonas,MF975720,official_cdhit_seq_cluster_40_03058,KJ507100,official_cdhit_seq_cluster_40_03134,69.318,,24,,2.59e-33,126.0,True,
test,AHZ95041.1,pseudomonas,pseudomonas,AMW64548.1,pseudomonas,KU708004,official_cdhit_seq_cluster_40_04954,KJ507100,official_cdhit_seq_cluster_40_04893,34.959,,99,,3.16e-16,67.4,True,
test,AID17699.1,escherichia,pseudomonas,QJD54740.1,pseudomonas,MT104467,official_cdhit_seq_cluster_40_01176,KJ749827,official_cdhit_seq_cluster_40_00664,90.523,,100,,0.0,578.0,False,
test,AID17711.1,escherichia,enterobacter,BBK03771.1,enterobacter,LC373201,official_cdhit_seq_cluster_40_00841,KJ749827,official_cdhit_seq_cluster_40_02302,32.453,,95,,2.69e-68,234.0,False,
test,AID17712.1,escherichia,pseudomonas,ATN92816.1,pseudomonas,MF893340,official_cdhit_seq_cluster_40_05001,KJ749827,official_cdhit_seq_cluster_40_00408,65.625,,76,,5.95e-08,42.7,False,
test,AID17959.1,acinetobacter,acinetobacter,UKM17074.1,acinetobacter,OM334891,official_cdhit_seq_cluster_40_01284,KJ817802,official_cdhit_seq_cluster_40_01331,31.609,,47,,6.30e-30,124.0,True,
test,AID17960.1,acinetobacter,pseudomonas,WAX22804.1,pseudomonas,OP917824,official_cdhit_seq_cluster_40_02870,KJ817802,official_cdhit_seq_cluster_40_03737,31.008,,46,,3.22e-11,61.6,False,
test,AID17969.1,acinetobacter,escherichia,QHI00738.1,escherichia,MN481365,official_cdhit_seq_cluster_40_00434,KJ817802,official_cdhit_seq_cluster_40_05023,62.500,,20,,6.0,23.9,False,
test,AIW02768.1,acinetobacter,acinetobacter,ASN73504.1,acinetobacter,MF033350,official_cdhit_seq_cluster_40_01282,KM672662,official_cdhit_seq_cluster_40_00619,39.316,,13,,2.38e-17,85.5,True,
test,AIW02797.1,acinetobacter,acinetobacter,UJE34680.1,acinetobacter,OL960030,official_cdhit_seq_cluster_40_03211,KM672662,official_cdhit_seq_cluster_40_03195,35.204,,100,,2.99e-42,149.0,True,
test,AIW02800.1,acinetobacter,acinetobacter,URG13781.1,acinetobacter,ON323491,official_cdhit_seq_cluster_40_02171,KM672662,official_cdhit_seq_cluster_40_02894,40.870,,56,,5.93e-12,65.9,True,
test,AIW02896.1,acinetobacter,escherichia,WDS61334.1,escherichia,OQ357823,official_cdhit_seq_cluster_40_00092,KM672662,official_cdhit_seq_cluster_40_03084,29.070,,22,,0.021,35.4,False,
test,AJD82747.1,pseudomonas,pseudomonas,ALT58063.1,pseudomonas,KU245542,official_cdhit_seq_cluster_40_02129,KP233880,official_cdhit_seq_cluster_40_03250,30.348,,57,,4.67e-16,77.4,True,
test,AJT61315.1,acinetobacter,pseudomonas,WAX22804.1,pseudomonas,OP917824,official_cdhit_seq_cluster_40_02870,KP861229,official_cdhit_seq_cluster_40_03737,31.008,,46,,3.07e-11,61.6,False,
test,AJT61416.1,acinetobacter,pseudomonas,WAX22804.1,pseudomonas,OP917824,official_cdhit_seq_cluster_40_02870,KP861231,official_cdhit_seq_cluster_40_03737,31.008,,46,,3.37e-11,61.6,False,
test,AKG94425.1,enterococcus,enterococcus,CAD0299795.1,enterococcus,CAJDKB010000002,official_cdhit_seq_cluster_40_04995,KR131750,official_cdhit_seq_cluster_40_05021,37.037,,91,,8.06e-14,59.3,True,
test,ALJ97635.1,acinetobacter,acinetobacter,QFG15400.1,acinetobacter,MN212906,official_cdhit_seq_cluster_40_00649,KT804908,official_cdhit_seq_cluster_40_01011,46.720,,99,,0.0,568.0,True,
test,ALJ99086.1,acinetobacter,acinetobacter,CAH1080222.1,acinetobacter,CAKLQF020000006,official_cdhit_seq_cluster_40_01279,KT588074,official_cdhit_seq_cluster_40_04417,64.706,,56,,5.05e-16,74.3,True,
test,ALJ99087.1,acinetobacter,acinetobacter,ARQ94869.1,acinetobacter,KY888680,official_cdhit_seq_cluster_40_00649,KT588074,official_cdhit_seq_cluster_40_01011,37.209,,75,,3.61e-89,291.0,True,
test,ALO80887.1,enterococcus,enterococcus,CAD0299795.1,enterococcus,CAJDKB010000002,official_cdhit_seq_cluster_40_04995,KT932701,official_cdhit_seq_cluster_40_05021,35.227,,100,,2.11e-14,60.8,True,
test,AMD43181.1,acinetobacter,escherichia,USL83571.1,escherichia,ON286972,official_cdhit_seq_cluster_40_00694,KU510289,official_cdhit_seq_cluster_40_05023,45.455,,47,,0.14,28.1,False,
test,AMD43189.2,acinetobacter,pseudomonas,WAX22804.1,pseudomonas,OP917824,official_cdhit_seq_cluster_40_02870,KU510289,official_cdhit_seq_cluster_40_03737,29.457,,45,,1.60e-10,59.7,False,
test,AMD43190.1,acinetobacter,acinetobacter,UAW10085.1,acinetobacter,MZ936316,official_cdhit_seq_cluster_40_00819,KU510289,official_cdhit_seq_cluster_40_00945,28.654,,82,,2.31e-62,224.0,True,
test,ANA49271.1,pseudomonas,pseudomonas,ULG00138.1,pseudomonas,OM141125,official_cdhit_seq_cluster_40_03793,KU862660,official_cdhit_seq_cluster_40_02392,73.469,,43,,9.55e-41,146.0,True,
test,AND75136.1,pseudomonas,pseudomonas,QNJ57334.1,pseudomonas,MT711888,official_cdhit_seq_cluster_40_01017,KU873925,official_cdhit_seq_cluster_40_01323,26.611,,52,,1.12e-18,89.0,True,
test,AND75137.1,pseudomonas,escherichia,AGC31500.1,escherichia,KC206276,official_cdhit_seq_cluster_40_00411,KU873925,official_cdhit_seq_cluster_40_02052,40.698,,14,,6.22e-09,57.4,False,
test,AND75138.1,pseudomonas,pseudomonas,QNJ57334.1,pseudomonas,MT711888,official_cdhit_seq_cluster_40_01017,KU873925,official_cdhit_seq_cluster_40_01807,54.167,,54,,1.60e-65,228.0,True,
test,AND75139.1,pseudomonas,enterobacter,USL85809.1,enterobacter,ON212266,official_cdhit_seq_cluster_40_00293,KU873925,official_cdhit_seq_cluster_40_00881,32.298,,21,,6.35e-09,57.8,False,
test,ANT40742.1,acinetobacter,escherichia,UNI73282.1,escherichia,OL770107,official_cdhit_seq_cluster_40_02315,KX268652,official_cdhit_seq_cluster_40_02367,33.333,,10,,0.96,30.4,False,
test,ANT40996.1,enterococcus,enterococcus,QYW06709.1,enterococcus,MZ666130,official_cdhit_seq_cluster_40_04995,KX284704,official_cdhit_seq_cluster_40_05021,36.782,,99,,4.00e-12,55.1,True,
test,APD19440.1,acinetobacter,acinetobacter,QFG15400.1,acinetobacter,MN212906,official_cdhit_seq_cluster_40_00649,KY082667,official_cdhit_seq_cluster_40_01011,47.122,,99,,0.0,573.0,True,
test,APD20249.1,acinetobacter,acinetobacter,QOV07800.1,acinetobacter,MW056502,official_cdhit_seq_cluster_40_00649,KY000079,official_cdhit_seq_cluster_40_00865,66.071,,7,,4.17e-15,78.2,True,
test,APD20278.1,acinetobacter,acinetobacter,UJE34680.1,acinetobacter,OL960030,official_cdhit_seq_cluster_40_03211,KY000079,official_cdhit_seq_cluster_40_03195,34.103,,100,,8.49e-42,148.0,True,
test,APW79830.1,acinetobacter,acinetobacter,WCF71633.1,acinetobacter,OQ101251,official_cdhit_seq_cluster_40_00649,KY268295,official_cdhit_seq_cluster_40_00698,69.935,,34,,3.59e-121,383.0,True,
test,AQT27837.1,staphylococcus,staphylococcus,WLY86762.1,staphylococcus,OR062948,official_cdhit_seq_cluster_40_01777,KY442063,official_cdhit_seq_cluster_40_01967,42.105,,9,,2.72e-06,48.9,True,
test,ARB06746.1,acinetobacter,escherichia,USL83571.1,escherichia,ON286972,official_cdhit_seq_cluster_40_00694,KY670595,official_cdhit_seq_cluster_40_05023,45.455,,47,,0.14,28.1,False,
test,ARB06756.1,acinetobacter,pseudomonas,WAX22804.1,pseudomonas,OP917824,official_cdhit_seq_cluster_40_02870,KY670595,official_cdhit_seq_cluster_40_03737,30.233,,45,,2.05e-10,59.3,False,
test,ARB06757.1,acinetobacter,pseudomonas,WAX22804.1,pseudomonas,OP917824,official_cdhit_seq_cluster_40_02870,KY670595,official_cdhit_seq_cluster_40_00865,42.742,,17,,3.37e-20,92.4,False,
test,ARQ94726.1,acinetobacter,acinetobacter,QOV07800.1,acinetobacter,MW056502,official_cdhit_seq_cluster_40_00649,KY829116,official_cdhit_seq_cluster_40_01704,75.862,,9,,1.09e-20,95.1,True,
test,ARQ94727.1,acinetobacter,pseudomonas,WAX22804.1,pseudomonas,OP917824,official_cdhit_seq_cluster_40_02870,KY829116,official_cdhit_seq_cluster_40_03737,30.081,,43,,1.60e-09,56.6,False,
test,ARQ94736.1,acinetobacter,escherichia,,,,,KY829116,official_cdhit_seq_cluster_40_05023,,,,,,,False,no BLAST hit; majority-host fallback
test,ASJ78888.1,acinetobacter,acinetobacter,QOV07748.1,acinetobacter,MW056501,official_cdhit_seq_cluster_40_00887,MF346584,official_cdhit_seq_cluster_40_00656,44.219,,82,,3.58e-152,463.0,True,
test,ASJ78889.1,acinetobacter,pseudomonas,WAX22804.1,pseudomonas,OP917824,official_cdhit_seq_cluster_40_02870,MF346584,official_cdhit_seq_cluster_40_03737,29.268,,44,,8.87e-10,57.4,False,
test,ASN73455.2,acinetobacter,acinetobacter,WCF71633.1,acinetobacter,OQ101251,official_cdhit_seq_cluster_40_00649,MF033349,official_cdhit_seq_cluster_40_00865,60.204,,34,,2.70e-94,308.0,True,
test,ASN73558.1,acinetobacter,acinetobacter,UVD33039.1,acinetobacter,OP019135,official_cdhit_seq_cluster_40_01503,MF033351,official_cdhit_seq_cluster_40_01051,67.213,,31,,3.64e-93,305.0,True,
test,ATI17030.1,escherichia,escherichia,QOI68078.1,escherichia,MT932211,official_cdhit_seq_cluster_40_01283,MF630921,official_cdhit_seq_cluster_40_00629,41.568,,72,,2.75e-145,447.0,True,
test,ATW58196.1,pseudomonas,pseudomonas,QJD54740.1,pseudomonas,MT104467,official_cdhit_seq_cluster_40_01176,MG018929,official_cdhit_seq_cluster_40_02860,37.548,,61,,2.00e-48,166.0,True,
test,ATW58197.1,pseudomonas,escherichia,QHR75383.1,escherichia,MN850645,official_cdhit_seq_cluster_40_01435,MG018929,official_cdhit_seq_cluster_40_00111,26.394,,42,,1.81e-17,86.7,False,
test,ATW62327.1,pseudomonas,pseudomonas,AFU62926.1,pseudomonas,JX863101,official_cdhit_seq_cluster_40_04291,MG432151,official_cdhit_seq_cluster_40_04310,52.294,,100,,1.26e-64,197.0,True,
test,ATW62335.1,pseudomonas,pseudomonas,ALT58063.1,pseudomonas,KU245542,official_cdhit_seq_cluster_40_02129,MG432151,official_cdhit_seq_cluster_40_03250,30.348,,65,,1.15e-15,75.5,True,
test,AUG85465.1,acinetobacter,klebsiella,OK490461_00034,klebsiella,OK490461,official_cdhit_seq_cluster_40_00500,MG674163,official_cdhit_seq_cluster_40_00999,26.144,,65,,4.36e-22,99.8,False,
test,AUR80858.1,enterococcus,enterococcus,QYW06709.1,enterococcus,MZ666130,official_cdhit_seq_cluster_40_04995,MG708276,official_cdhit_seq_cluster_40_05021,37.931,,99,,8.18e-13,56.6,True,
test,AUS03221.1,pseudomonas,pseudomonas,ALT58063.1,pseudomonas,KU245542,official_cdhit_seq_cluster_40_02129,MF768469,official_cdhit_seq_cluster_40_03250,30.348,,65,,1.08e-15,75.5,True,
test,AWD90623.1,pseudomonas,pseudomonas,QJD54740.1,pseudomonas,MT104467,official_cdhit_seq_cluster_40_01176,MH113812,official_cdhit_seq_cluster_40_02860,36.333,,68,,1.39e-52,176.0,True,
test,AWD90668.1,pseudomonas,pseudomonas,QJD54740.1,pseudomonas,MT104467,official_cdhit_seq_cluster_40_01176,MH113813,official_cdhit_seq_cluster_40_02860,39.464,,61,,4.98e-49,167.0,True,
test,AWD90674.1,pseudomonas,pseudomonas,ADD64959.1,pseudomonas,KC862297,official_cdhit_seq_cluster_40_04342,MH113813,official_cdhit_seq_cluster_40_04031,30.332,,72,,3.70e-07,47.8,True,
test,AWD90715.1,pseudomonas,pseudomonas,QJD54740.1,pseudomonas,MT104467,official_cdhit_seq_cluster_40_01176,MH113814,official_cdhit_seq_cluster_40_02860,40.613,,61,,5.38e-52,175.0,True,
test,AWD90716.1,pseudomonas,escherichia,QHR65697.1,escherichia,MN850571,official_cdhit_seq_cluster_40_01435,MH113814,official_cdhit_seq_cluster_40_00111,26.894,,57,,6.94e-17,84.3,False,
test,AWD90762.1,pseudomonas,pseudomonas,QJD54740.1,pseudomonas,MT104467,official_cdhit_seq_cluster_40_01176,MH113815,official_cdhit_seq_cluster_40_02860,39.464,,61,,2.13e-51,173.0,True,
test,AWD90768.1,pseudomonas,pseudomonas,AZF89712.1,pseudomonas,MK138526,official_cdhit_seq_cluster_40_04342,MH113815,official_cdhit_seq_cluster_40_04031,30.841,,72,,2.24e-08,51.6,True,
test,AWD93192.1,acinetobacter,klebsiella,QOE32401.1,klebsiella,MT708547,official_cdhit_seq_cluster_40_00162,MH133207,official_cdhit_seq_cluster_40_00810,29.143,,19,,3.41e-08,55.8,False,
test,AWD93202.1,acinetobacter,staphylococcus,MZ417329_00073,staphylococcus,MZ417329,official_cdhit_seq_cluster_40_00405,MH133207,official_cdhit_seq_cluster_40_02723,54.545,,62,,2.18e-12,67.4,False,
test,AWD93211.1,acinetobacter,acinetobacter,AZF88453.1,acinetobacter,MK170160,official_cdhit_seq_cluster_40_03211,MH133207,official_cdhit_seq_cluster_40_03036,31.989,,100,,1.01e-49,168.0,True,
test,AWD93215.1,acinetobacter,escherichia,URG18185.1,escherichia,ON391668,official_cdhit_seq_cluster_40_01358,MH133207,official_cdhit_seq_cluster_40_00788,40.278,,25,,5.23e-08,52.4,False,
test,AXF41395.1,acinetobacter,klebsiella,UYL05433.1,klebsiella,OP617745,official_cdhit_seq_cluster_40_01434,MH517022,official_cdhit_seq_cluster_40_04661,42.857,,25,,0.26,30.0,False,
test,AXF41437.1,acinetobacter,klebsiella,AUG88032.1,klebsiella,MG428991,official_cdhit_seq_cluster_40_03989,MH517022,official_cdhit_seq_cluster_40_04070,30.827,,52,,5.30e-05,42.0,False,
test,AXF41504.1,acinetobacter,pseudomonas,BAU16334.1,pseudomonas,LC102729,official_cdhit_seq_cluster_40_02129,MH517022,official_cdhit_seq_cluster_40_00615,47.059,,4,,0.038,35.8,False,
test,AXF41505.1,acinetobacter,klebsiella,AXQ68024.1,klebsiella,MH633485,official_cdhit_seq_cluster_40_00520,MH517022,official_cdhit_seq_cluster_40_04855,29.412,,48,,9.3,24.6,False,
test,AXF41506.1,acinetobacter,acinetobacter,ALJ99024.1,acinetobacter,KT588073,official_cdhit_seq_cluster_40_00337,MH517022,official_cdhit_seq_cluster_40_00977,28.859,,17,,6.87e-04,41.6,True,
test,AXF41546.1,acinetobacter,acinetobacter,QOV07748.1,acinetobacter,MW056501,official_cdhit_seq_cluster_40_00887,MH517022,official_cdhit_seq_cluster_40_00656,42.556,,72,,4.59e-151,465.0,True,
test,AXF41547.1,acinetobacter,acinetobacter,QVQ34730.1,acinetobacter,MZ099557,official_cdhit_seq_cluster_40_00649,MH517022,official_cdhit_seq_cluster_40_01057,90.824,,67,,0.0,1023.0,True,
test,AXF41548.1,acinetobacter,staphylococcus,AZB66807.1,staphylococcus,MK075005,official_cdhit_seq_cluster_40_01684,MH517022,official_cdhit_seq_cluster_40_00581,23.629,,23,,4.42e-05,45.8,False,
test,AXN57984.1,enterobacter,escherichia,,,,,MH547045,official_cdhit_seq_cluster_40_04504,,,,,,,False,no BLAST hit; majority-host fallback
test,AYD79709.1,pseudomonas,acinetobacter,URG13838.1,acinetobacter,ON323491,official_cdhit_seq_cluster_40_03345,MG589386,official_cdhit_seq_cluster_40_04209,29.688,,27,,3.2,27.3,False,
test,AYD79715.1,pseudomonas,pseudomonas,ALT58063.1,pseudomonas,KU245542,official_cdhit_seq_cluster_40_02129,MG589386,official_cdhit_seq_cluster_40_03250,30.348,,65,,1.19e-15,75.5,True,
test,AYJ73836.1,pseudomonas,pseudomonas,AFU62926.1,pseudomonas,JX863101,official_cdhit_seq_cluster_40_04291,MH973725,official_cdhit_seq_cluster_40_04310,52.036,,100,,2.72e-63,194.0,True,
test,AYP28495.1,staphylococcus,staphylococcus,WLY86762.1,staphylococcus,OR062948,official_cdhit_seq_cluster_40_01777,MH972261,official_cdhit_seq_cluster_40_01967,43.860,,9,,8.50e-07,50.4,True,
test,AYP28515.1,staphylococcus,staphylococcus,WLY86762.1,staphylococcus,OR062948,official_cdhit_seq_cluster_40_01777,MH972262,official_cdhit_seq_cluster_40_01967,43.860,,9,,8.50e-07,50.4,True,
test,AYP28535.1,staphylococcus,staphylococcus,WLY86762.1,staphylococcus,OR062948,official_cdhit_seq_cluster_40_01777,MH972263,official_cdhit_seq_cluster_40_01967,43.860,,9,,5.43e-07,51.2,True,
test,AYP68900.1,acinetobacter,pseudomonas,WAX22804.1,pseudomonas,OP917824,official_cdhit_seq_cluster_40_02870,MH853786,official_cdhit_seq_cluster_40_00865,41.129,,17,,2.81e-18,86.3,False,
test,AYP68901.1,acinetobacter,pseudomonas,WAX22804.1,pseudomonas,OP917824,official_cdhit_seq_cluster_40_02870,MH853786,official_cdhit_seq_cluster_40_03737,30.233,,45,,2.18e-11,62.0,False,
test,AYP68983.1,acinetobacter,pseudomonas,WAX22804.1,pseudomonas,OP917824,official_cdhit_seq_cluster_40_02870,MH853787,official_cdhit_seq_cluster_40_03737,30.894,,44,,5.63e-11,60.8,False,
test,AYP68992.1,acinetobacter,escherichia,QDK00122.1,escherichia,MK907268,official_cdhit_seq_cluster_40_00348,MH853787,official_cdhit_seq_cluster_40_01617,23.214,,16,,3.4,29.3,False,
test,AYP69084.1,acinetobacter,acinetobacter,QOV07800.1,acinetobacter,MW056502,official_cdhit_seq_cluster_40_00649,MH853788,official_cdhit_seq_cluster_40_01704,75.862,,9,,1.95e-20,94.4,True,
test,AYP69085.1,acinetobacter,pseudomonas,WAX22804.1,pseudomonas,OP917824,official_cdhit_seq_cluster_40_02870,MH853788,official_cdhit_seq_cluster_40_03737,30.233,,46,,7.52e-10,57.4,False,
test,AZF87861.1,pseudomonas,klebsiella,OK490418_00042,klebsiella,OK490418,official_cdhit_seq_cluster_40_01933,MK034952,official_cdhit_seq_cluster_40_01988,55.140,,47,,2.95e-64,219.0,False,
test,AZS06469.1,enterococcus,enterococcus,CAD0299795.1,enterococcus,CAJDKB010000002,official_cdhit_seq_cluster_40_04995,MK125140,official_cdhit_seq_cluster_40_05021,35.227,,100,,3.23e-14,60.5,True,
test,AZU99242.1,acinetobacter,acinetobacter,MG599035_00051,acinetobacter,MG599035,official_cdhit_seq_cluster_40_00649,MK257719,official_cdhit_seq_cluster_40_01011,48.059,,99,,0.0,571.0,True,
test,BDA97036.1,pseudomonas,pseudomonas,ALT58063.1,pseudomonas,KU245542,official_cdhit_seq_cluster_40_02129,LC648443,official_cdhit_seq_cluster_40_03250,29.851,,65,,3.95e-14,70.9,True,
test,BDA97044.1,pseudomonas,pseudomonas,AFU62926.1,pseudomonas,JX863101,official_cdhit_seq_cluster_40_04291,LC648443,official_cdhit_seq_cluster_40_04310,52.489,,100,,8.45e-66,200.0,True,
test,CAD0310583.1,enterococcus,enterococcus,CAD0299795.1,enterococcus,CAJDKB010000002,official_cdhit_seq_cluster_40_04995,CAJDKF010000002,official_cdhit_seq_cluster_40_05021,34.091,,100,,1.17e-13,58.9,True,
test,CAH1066870.1,acinetobacter,acinetobacter,UVD33039.1,acinetobacter,OP019135,official_cdhit_seq_cluster_40_01503,CAKLQE020000001,official_cdhit_seq_cluster_40_00619,41.573,,10,,1.59e-11,66.6,True,
test,CAH1066909.1,acinetobacter,staphylococcus,ANT44914.1,staphylococcus,KX171213,official_cdhit_seq_cluster_40_00405,CAKLQE020000001,official_cdhit_seq_cluster_40_02723,62.745,,17,,2.18e-12,67.8,False,
test,CAH1069475.1,acinetobacter,escherichia,QMP81465.1,escherichia,MT664721,official_cdhit_seq_cluster_40_01022,CAKLQA020000003,official_cdhit_seq_cluster_40_01046,38.732,,18,,4.38e-24,106.0,False,
test,CAH1189517.1,escherichia,escherichia,AXY82583.1,escherichia,MH733496,official_cdhit_seq_cluster_40_00411,OV696608,official_cdhit_seq_cluster_40_01053,45.739,,87,,0.0,603.0,True,
test,CAP45456.1,pseudomonas,acinetobacter,URG13838.1,acinetobacter,ON323491,official_cdhit_seq_cluster_40_03345,AM910650,official_cdhit_seq_cluster_40_04209,29.688,,27,,2.7,27.3,False,
test,CAP45458.1,pseudomonas,pseudomonas,AFU62926.1,pseudomonas,JX863101,official_cdhit_seq_cluster_40_04291,AM910650,official_cdhit_seq_cluster_40_04310,52.941,,100,,8.43e-65,198.0,True,
test,CBH51606.1,pseudomonas,pseudomonas,AXC36533.1,pseudomonas,MH382836,official_cdhit_seq_cluster_40_00126,FN594518,official_cdhit_seq_cluster_40_01984,57.980,,50,,2.85e-102,331.0,True,
test,CCH57761.1,acinetobacter,pseudomonas,WAX22804.1,pseudomonas,OP917824,official_cdhit_seq_cluster_40_02870,HE806280,official_cdhit_seq_cluster_40_03737,31.008,,47,,3.01e-11,61.6,False,
test,CCH57762.1,acinetobacter,pseudomonas,QBI79946.1,pseudomonas,MK511001,official_cdhit_seq_cluster_40_01014,HE806280,official_cdhit_seq_cluster_40_01396,26.538,,76,,1.03e-45,173.0,False,
test,CCM43491.1,pseudomonas,pseudomonas,AFU62926.1,pseudomonas,JX863101,official_cdhit_seq_cluster_40_04291,HE983844,official_cdhit_seq_cluster_40_04310,50.909,,100,,7.74e-66,200.0,True,
test,CCM43499.1,pseudomonas,pseudomonas,ALT58063.1,pseudomonas,KU245542,official_cdhit_seq_cluster_40_02129,HE983844,official_cdhit_seq_cluster_40_03250,30.846,,54,,9.29e-17,79.7,True,
test,CCN27152.1,pseudomonas,pseudomonas,AFU62926.1,pseudomonas,JX863101,official_cdhit_seq_cluster_40_04291,HF543949,official_cdhit_seq_cluster_40_04310,50.909,,100,,1.13e-65,200.0,True,
test,CCN27160.1,pseudomonas,pseudomonas,ALT58063.1,pseudomonas,KU245542,official_cdhit_seq_cluster_40_02129,HF543949,official_cdhit_seq_cluster_40_03250,30.846,,54,,9.21e-17,79.7,True,
test,CDI06816.1,pseudomonas,pseudomonas,AFU62926.1,pseudomonas,JX863101,official_cdhit_seq_cluster_40_04291,HG518155,official_cdhit_seq_cluster_40_04310,52.752,,100,,2.51e-65,199.0,True,
test,CEF89767.1,pseudomonas,pseudomonas,ALT58063.1,pseudomonas,KU245542,official_cdhit_seq_cluster_40_02129,LN610578,official_cdhit_seq_cluster_40_03250,30.348,,65,,9.25e-16,75.9,True,
test,DBA08199.1,pseudomonas,klebsiella,OK490418_00042,klebsiella,OK490418,official_cdhit_seq_cluster_40_01933,BK061475,official_cdhit_seq_cluster_40_01988,55.607,,47,,1.59e-64,220.0,False,
test,LN889992_00015,pseudomonas,enterobacter,UGO47192.1,enterobacter,OK499971,official_cdhit_seq_cluster_40_01607,LN889992,official_cdhit_seq_cluster_40_01710,69.841,,19,,7.34e-53,192.0,False,
test,MG366114_00011,acinetobacter,klebsiella,OX335416_00087,klebsiella,OX335416,official_cdhit_seq_cluster_40_00876,MG366114,official_cdhit_seq_cluster_40_01051,27.461,,93,,3.76e-08,51.2,False,
test,MG366114_00023,acinetobacter,klebsiella,OX335416_00087,klebsiella,OX335416,official_cdhit_seq_cluster_40_00876,MG366114,official_cdhit_seq_cluster_40_01051,44.444,,45,,0.001,33.9,False,
test,MG366114_00024,acinetobacter,acinetobacter,WCF71633.1,acinetobacter,OQ101251,official_cdhit_seq_cluster_40_00649,MG366114,official_cdhit_seq_cluster_40_00853,48.387,,57,,5.13e-14,65.1,True,
test,MG366114_00025,acinetobacter,pseudomonas,WAX22804.1,pseudomonas,OP917824,official_cdhit_seq_cluster_40_02870,MG366114,official_cdhit_seq_cluster_40_03737,30.233,,44,,1.76e-10,59.7,False,
test,MG459218_00049,acinetobacter,acinetobacter,WGV35678.1,acinetobacter,OQ730212,official_cdhit_seq_cluster_40_01639,MG459218,official_cdhit_seq_cluster_40_00999,78.740,,16,,8.43e-59,211.0,True,
test,MW512831_00053,pseudomonas,acinetobacter,URG13838.1,acinetobacter,ON323491,official_cdhit_seq_cluster_40_03345,MW512831,official_cdhit_seq_cluster_40_04209,29.688,,27,,2.5,27.7,False,
test,MW590698_00055,acinetobacter,klebsiella,AXN53801.1,klebsiella,MH688453,official_cdhit_seq_cluster_40_00342,MW590698,official_cdhit_seq_cluster_40_00999,27.792,,58,,4.33e-20,93.6,False,
test,QAU04145.1,acinetobacter,acinetobacter,CAH1080222.1,acinetobacter,CAKLQF020000006,official_cdhit_seq_cluster_40_01279,MK340941,official_cdhit_seq_cluster_40_04417,64.706,,56,,5.89e-16,73.9,True,
test,QAU04146.1,acinetobacter,acinetobacter,MW926912_00003,acinetobacter,MW926912,official_cdhit_seq_cluster_40_00649,MK340941,official_cdhit_seq_cluster_40_01011,36.822,,73,,6.10e-88,288.0,True,
test,QBP28418.1,klebsiella,klebsiella,QZD26083.1,klebsiella,MW119258,official_cdhit_seq_cluster_40_01549,MK448231,official_cdhit_seq_cluster_40_00947,41.447,,32,,1.41e-22,99.4,True,
test,QBZ69124.1,enterococcus,enterococcus,QYW06709.1,enterococcus,MZ666130,official_cdhit_seq_cluster_40_04995,MK721187,official_cdhit_seq_cluster_40_05021,36.782,,99,,3.36e-12,55.1,True,
test,QBZ69827.1,enterococcus,enterococcus,QYW06709.1,enterococcus,MZ666130,official_cdhit_seq_cluster_40_04995,MK721191,official_cdhit_seq_cluster_40_05021,37.931,,99,,1.08e-12,56.6,True,
test,QDB70855.1,pseudomonas,pseudomonas,ALT58063.1,pseudomonas,KU245542,official_cdhit_seq_cluster_40_02129,MK816297,official_cdhit_seq_cluster_40_03292,31.068,,56,,2.31e-18,84.7,True,
test,QDB70858.1,pseudomonas,pseudomonas,QDH93841.1,pseudomonas,MN096267,official_cdhit_seq_cluster_40_00679,MK816297,official_cdhit_seq_cluster_40_00187,26.991,,34,,4.42e-39,156.0,True,
test,QDH46143.1,pseudomonas,pseudomonas,ALT58063.1,pseudomonas,KU245542,official_cdhit_seq_cluster_40_02129,MK837011,official_cdhit_seq_cluster_40_03250,30.348,,65,,1.23e-15,75.5,True,
test,QDH46213.1,pseudomonas,pseudomonas,ALT58063.1,pseudomonas,KU245542,official_cdhit_seq_cluster_40_02129,MK837012,official_cdhit_seq_cluster_40_03250,30.348,,65,,6.04e-16,76.3,True,
test,QDH46221.1,pseudomonas,pseudomonas,AFU62926.1,pseudomonas,JX863101,official_cdhit_seq_cluster_40_04291,MK837012,official_cdhit_seq_cluster_40_04310,52.489,,100,,1.91e-64,197.0,True,
test,QDJ96104.1,klebsiella,klebsiella,QWT56636.1,klebsiella,MW590329,official_cdhit_seq_cluster_40_00598,MN116494,official_cdhit_seq_cluster_40_00947,90.714,,17,,4.72e-84,276.0,True,
test,QEA09754.1,pseudomonas,pseudomonas,ALT58063.1,pseudomonas,KU245542,official_cdhit_seq_cluster_40_02129,MN029011,official_cdhit_seq_cluster_40_03292,31.068,,56,,1.35e-18,85.5,True,
test,QEA11049.1,acinetobacter,klebsiella,UNI73764.1,klebsiella,OM835954,official_cdhit_seq_cluster_40_02823,MN166083,official_cdhit_seq_cluster_40_03737,31.325,,32,,3.97e-09,54.7,False,
test,QEL53353.1,enterococcus,enterococcus,QYW06709.1,enterococcus,MZ666130,official_cdhit_seq_cluster_40_04995,MG264739,official_cdhit_seq_cluster_40_05021,35.632,,99,,7.43e-12,54.3,True,
test,QEP53225.1,acinetobacter,acinetobacter,AZF88453.1,acinetobacter,MK170160,official_cdhit_seq_cluster_40_03211,MN276049,official_cdhit_seq_cluster_40_03036,29.317,,63,,1.73e-27,110.0,True,
test,QEP53229.1,acinetobacter,klebsiella,WEU80485.1,klebsiella,OQ579029,official_cdhit_seq_cluster_40_00775,MN276049,official_cdhit_seq_cluster_40_00865,35.714,,12,,2.44e-10,62.8,False,
test,QEP53230.1,acinetobacter,pseudomonas,QVJ13480.1,pseudomonas,MZ089741,official_cdhit_seq_cluster_40_04720,MN276049,official_cdhit_seq_cluster_40_00788,58.696,,17,,1.22e-09,54.3,False,
test,QFG06960.1,acinetobacter,acinetobacter,AZU99445.1,acinetobacter,MK257723,official_cdhit_seq_cluster_40_00960,MN294712,official_cdhit_seq_cluster_40_01331,84.422,,27,,2.78e-91,301.0,True,
test,QFR59034.1,acinetobacter,acinetobacter,QGK90394.1,acinetobacter,MN651570,official_cdhit_seq_cluster_40_01288,MN061582,official_cdhit_seq_cluster_40_00561,47.442,,71,,3.35e-170,511.0,True,
test,QGH71569.1,acinetobacter,acinetobacter,QQM15083.1,acinetobacter,MW366784,official_cdhit_seq_cluster_40_01639,MN614471,official_cdhit_seq_cluster_40_01331,95.513,,21,,7.32e-94,305.0,True,
test,QGH74054.1,acinetobacter,pseudomonas,WAX22804.1,pseudomonas,OP917824,official_cdhit_seq_cluster_40_02870,MN516421,official_cdhit_seq_cluster_40_03737,31.008,,46,,1.40e-10,59.7,False,
test,QGH74055.1,acinetobacter,pseudomonas,WAX22804.1,pseudomonas,OP917824,official_cdhit_seq_cluster_40_02870,MN516421,official_cdhit_seq_cluster_40_01979,29.520,,42,,3.04e-18,85.9,False,
test,QGH74133.1,acinetobacter,pseudomonas,WAX22804.1,pseudomonas,OP917824,official_cdhit_seq_cluster_40_02870,MN516422,official_cdhit_seq_cluster_40_03737,27.876,,77,,1.66e-09,56.2,False,
test,QGH74134.1,acinetobacter,pseudomonas,WAX22804.1,pseudomonas,OP917824,official_cdhit_seq_cluster_40_02870,MN516422,official_cdhit_seq_cluster_40_01979,29.520,,42,,3.57e-18,85.5,False,
test,QHB48481.1,pseudomonas,staphylococcus,WGL32321.1,staphylococcus,OQ578994,official_cdhit_seq_cluster_40_02500,MN692672,official_cdhit_seq_cluster_40_04591,31.111,,24,,1.4,27.7,False,
test,QHB49060.1,pseudomonas,pseudomonas,AFU62926.1,pseudomonas,JX863101,official_cdhit_seq_cluster_40_04291,MN562749,official_cdhit_seq_cluster_40_04310,52.941,,100,,1.23e-64,197.0,True,
test,QHS01530.1,acinetobacter,acinetobacter,WCF71633.1,acinetobacter,OQ101251,official_cdhit_seq_cluster_40_00649,MN807295,official_cdhit_seq_cluster_40_00644,63.372,,40,,6.00e-114,363.0,True,
test,QIG59297.1,escherichia,escherichia,QNO11744.1,escherichia,MT711525,official_cdhit_seq_cluster_40_00422,MN927226,official_cdhit_seq_cluster_40_01398,69.753,,22,,5.61e-58,211.0,True,
test,QIQ64391.1,pseudomonas,pseudomonas,AFU62926.1,pseudomonas,JX863101,official_cdhit_seq_cluster_40_04291,MT108723,official_cdhit_seq_cluster_40_04310,52.941,,100,,5.36e-67,203.0,True,
test,QIQ64455.1,pseudomonas,klebsiella,QMP82097.1,klebsiella,MT682065,official_cdhit_seq_cluster_40_01718,MT118288,official_cdhit_seq_cluster_40_04209,28.125,,38,,3.7,27.3,False,
test,QIQ66489.1,pseudomonas,pseudomonas,AFU62926.1,pseudomonas,JX863101,official_cdhit_seq_cluster_40_04291,MT119362,official_cdhit_seq_cluster_40_04310,52.489,,100,,7.49e-66,201.0,True,
test,QJD55070.1,pseudomonas,pseudomonas,ATN93582.1,pseudomonas,MF975720,official_cdhit_seq_cluster_40_00230,MT104473,official_cdhit_seq_cluster_40_00443,49.143,,50,,8.38e-142,454.0,True,
test,QJD55071.1,pseudomonas,pseudomonas,AMW64548.1,pseudomonas,KU708004,official_cdhit_seq_cluster_40_04954,MT104473,official_cdhit_seq_cluster_40_04893,35.772,,99,,3.33e-16,67.4,True,
test,QJD55072.1,pseudomonas,pseudomonas,UEP18670.1,pseudomonas,MZ955867,official_cdhit_seq_cluster_40_04254,MT104473,official_cdhit_seq_cluster_40_04270,31.655,,59,,6.82e-10,55.5,True,
test,QKE11219.1,pseudomonas,pseudomonas,QTH80454.1,pseudomonas,MW735835,official_cdhit_seq_cluster_40_00713,KF147891,official_cdhit_seq_cluster_40_00254,27.758,,24,,3.82e-16,82.4,True,
test,QKE11221.1,pseudomonas,enterobacter,AFM76573.1,enterobacter,JQ182736,official_cdhit_seq_cluster_40_02349,KF147891,official_cdhit_seq_cluster_40_03891,55.263,,28,,1.00e-13,68.9,False,
test,QKN87912.1,acinetobacter,pseudomonas,ATN93649.1,pseudomonas,MF975721,official_cdhit_seq_cluster_40_01469,MT375042,official_cdhit_seq_cluster_40_01527,46.809,,6,,0.002,39.7,False,
test,QKN87913.1,acinetobacter,pseudomonas,QMP19179.1,pseudomonas,MT613935,official_cdhit_seq_cluster_40_02373,MT375042,official_cdhit_seq_cluster_40_02592,44.161,,99,,3.77e-120,357.0,False,
test,QKN87915.1,acinetobacter,pseudomonas,QMP19181.1,pseudomonas,MT613935,official_cdhit_seq_cluster_40_04199,MT375042,official_cdhit_seq_cluster_40_04038,61.135,,99,,3.52e-75,224.0,False,
test,QLF85390.1,enterococcus,enterococcus,CAD0299795.1,enterococcus,CAJDKB010000002,official_cdhit_seq_cluster_40_04995,MT520979,official_cdhit_seq_cluster_40_05021,32.955,,100,,9.43e-12,53.9,True,
test,QMP19165.1,acinetobacter,acinetobacter,QFG15400.1,acinetobacter,MN212906,official_cdhit_seq_cluster_40_00649,MT633129,official_cdhit_seq_cluster_40_01011,47.122,,99,,0.0,573.0,True,
test,QNJ57264.1,pseudomonas,pseudomonas,BAO20711.1,pseudomonas,AB775549,official_cdhit_seq_cluster_40_01002,MT711887,official_cdhit_seq_cluster_40_00881,39.934,,36,,8.64e-54,199.0,True,
test,QNO11418.1,acinetobacter,acinetobacter,QFG15400.1,acinetobacter,MN212906,official_cdhit_seq_cluster_40_00649,MT741944,official_cdhit_seq_cluster_40_01011,37.578,,99,,7.82e-120,376.0,True,
test,QNO11465.1,acinetobacter,acinetobacter,AHY26817.1,acinetobacter,KJ473423,official_cdhit_seq_cluster_40_01411,MT783706,official_cdhit_seq_cluster_40_00518,55.833,,12,,8.51e-31,128.0,True,
test,QOI69765.1,acinetobacter,klebsiella,AXN53801.1,klebsiella,MH688453,official_cdhit_seq_cluster_40_00342,MT992243,official_cdhit_seq_cluster_40_00999,28.535,,58,,1.07e-23,105.0,False,
test,QOV07848.1,acinetobacter,acinetobacter,UAW07728.1,acinetobacter,MZ967493,official_cdhit_seq_cluster_40_00960,MW056503,official_cdhit_seq_cluster_40_01199,33.655,,99,,8.55e-108,346.0,True,
test,QPB07302.1,pseudomonas,pseudomonas,UAV84527.1,pseudomonas,OK040171,official_cdhit_seq_cluster_40_02417,MT941682,official_cdhit_seq_cluster_40_02212,32.353,,83,,7.15e-61,208.0,True,
test,QPB07308.1,pseudomonas,pseudomonas,QJD54740.1,pseudomonas,MT104467,official_cdhit_seq_cluster_40_01176,MT941682,official_cdhit_seq_cluster_40_02860,37.931,,61,,8.34e-49,167.0,True,
test,QPB07627.1,staphylococcus,enterococcus,BCU41223.1,enterococcus,LC625742,official_cdhit_seq_cluster_40_00672,MT880871,official_cdhit_seq_cluster_40_00332,26.316,,9,,2.54e-06,50.1,False,
test,QSH71727.1,pseudomonas,pseudomonas,AFU62926.1,pseudomonas,JX863101,official_cdhit_seq_cluster_40_04291,MW329986,official_cdhit_seq_cluster_40_04310,52.489,,100,,3.81e-66,201.0,True,
test,QVD48888.1,acinetobacter,acinetobacter,WCF71633.1,acinetobacter,OQ101251,official_cdhit_seq_cluster_40_00649,MW459163,official_cdhit_seq_cluster_40_00698,66.769,,36,,2.78e-112,359.0,True,
test,QVG63948.1,acinetobacter,acinetobacter,QGK90394.1,acinetobacter,MN651570,official_cdhit_seq_cluster_40_01288,MW316731,official_cdhit_seq_cluster_40_00561,33.755,,51,,1.59e-76,265.0,True,
test,QVG63976.1,acinetobacter,acinetobacter,QIW91555.1,acinetobacter,MT188223,official_cdhit_seq_cluster_40_03211,MW316731,official_cdhit_seq_cluster_40_03195,32.216,,100,,2.03e-42,149.0,True,
test,QVG63979.1,acinetobacter,staphylococcus,MZ417338_00094,staphylococcus,MZ417338,official_cdhit_seq_cluster_40_02041,MW316731,official_cdhit_seq_cluster_40_02894,64.000,,12,,4.70e-12,66.2,False,
test,QVG64122.1,acinetobacter,acinetobacter,QOV07800.1,acinetobacter,MW056502,official_cdhit_seq_cluster_40_00649,MW316732,official_cdhit_seq_cluster_40_00865,70.175,,8,,4.09e-18,87.0,True,
test,QVG64154.1,acinetobacter,acinetobacter,UJE34680.1,acinetobacter,OL960030,official_cdhit_seq_cluster_40_03211,MW316732,official_cdhit_seq_cluster_40_03195,34.536,,100,,2.72e-42,149.0,True,
test,QVG64157.1,acinetobacter,staphylococcus,MZ417338_00094,staphylococcus,MZ417338,official_cdhit_seq_cluster_40_02041,MW316732,official_cdhit_seq_cluster_40_02894,64.000,,13,,8.74e-12,65.1,False,
test,QVG64286.1,acinetobacter,escherichia,MT446401_00056,escherichia,MT446401,official_cdhit_seq_cluster_40_01356,MW316733,official_cdhit_seq_cluster_40_01120,27.402,,69,,9.00e-37,146.0,False,
test,QVG64315.1,acinetobacter,acinetobacter,QIW91555.1,acinetobacter,MT188223,official_cdhit_seq_cluster_40_03211,MW316733,official_cdhit_seq_cluster_40_03195,33.247,,100,,1.56e-42,150.0,True,
test,QVG64318.1,acinetobacter,staphylococcus,MZ417341_00053,staphylococcus,MZ417341,official_cdhit_seq_cluster_40_02041,MW316733,official_cdhit_seq_cluster_40_02894,66.000,,12,,2.36e-12,67.0,False,
test,QVJ12477.1,pseudomonas,pseudomonas,AAF80787.1,pseudomonas,AF165214,official_cdhit_seq_cluster_40_01014,MZ089728,official_cdhit_seq_cluster_40_00976,59.671,,28,,2.52e-79,270.0,True,
test,QVJ12755.1,pseudomonas,pseudomonas,AFU62926.1,pseudomonas,JX863101,official_cdhit_seq_cluster_40_04291,MZ089732,official_cdhit_seq_cluster_40_04310,52.941,,100,,1.06e-64,197.0,True,
test,QVJ12826.1,pseudomonas,pseudomonas,AFU62926.1,pseudomonas,JX863101,official_cdhit_seq_cluster_40_04291,MZ089733,official_cdhit_seq_cluster_40_04310,50.909,,100,,1.59e-64,197.0,True,
test,QVJ13258.1,pseudomonas,pseudomonas,AFU62926.1,pseudomonas,JX863101,official_cdhit_seq_cluster_40_04291,MZ089738,official_cdhit_seq_cluster_40_04310,50.909,,100,,1.69e-64,197.0,True,
test,QVJ13523.1,pseudomonas,pseudomonas,AFU62926.1,pseudomonas,JX863101,official_cdhit_seq_cluster_40_04291,MZ089742,official_cdhit_seq_cluster_40_04310,50.909,,100,,1.60e-64,197.0,True,
test,QVR48605.1,escherichia,escherichia,ADA82322.1,escherichia,GU196278,official_cdhit_seq_cluster_40_00422,MW722821,official_cdhit_seq_cluster_40_01398,60.733,,25,,8.78e-58,210.0,True,
test,QVU02091.1,enterococcus,enterococcus,CAD0299795.1,enterococcus,CAJDKB010000002,official_cdhit_seq_cluster_40_04995,MZ182246,official_cdhit_seq_cluster_40_05021,34.091,,100,,2.43e-12,55.5,True,
test,QVW29069.1,pseudomonas,pseudomonas,ATN93580.1,pseudomonas,MF975720,official_cdhit_seq_cluster_40_03058,MW862109,official_cdhit_seq_cluster_40_02603,69.318,,18,,3.53e-33,127.0,True,
test,QVW29070.1,pseudomonas,pseudomonas,UEP18670.1,pseudomonas,MZ955867,official_cdhit_seq_cluster_40_04254,MW862109,official_cdhit_seq_cluster_40_04270,34.532,,59,,1.54e-12,62.8,True,
test,QVW29071.1,pseudomonas,pseudomonas,AMW64548.1,pseudomonas,KU708004,official_cdhit_seq_cluster_40_04954,MW862109,official_cdhit_seq_cluster_40_04893,36.441,,95,,4.14e-17,69.7,True,
test,QVW53855.1,acinetobacter,acinetobacter,AZF88453.1,acinetobacter,MK170160,official_cdhit_seq_cluster_40_03211,MZ043613,official_cdhit_seq_cluster_40_03036,31.989,,100,,8.23e-49,166.0,True,
test,QVW53859.1,acinetobacter,pseudomonas,QNJ57334.1,pseudomonas,MT711888,official_cdhit_seq_cluster_40_01017,MZ043613,official_cdhit_seq_cluster_40_00767,36.364,,18,,7.32e-29,122.0,False,
test,QVW53860.1,acinetobacter,escherichia,AVZ45057.1,escherichia,MG748547,official_cdhit_seq_cluster_40_01246,MZ043613,official_cdhit_seq_cluster_40_00788,28.992,,26,,2.16e-21,98.2,False,
test,QXM18609.1,acinetobacter,klebsiella,AXN53801.1,klebsiella,MH688453,official_cdhit_seq_cluster_40_00342,MZ477002,official_cdhit_seq_cluster_40_00999,28.463,,54,,6.13e-23,102.0,False,
test,QXM18613.1,acinetobacter,acinetobacter,AYD82328.1,acinetobacter,MH746814,official_cdhit_seq_cluster_40_03211,MZ477002,official_cdhit_seq_cluster_40_03036,31.152,,100,,6.51e-49,167.0,True,
test,QXO06608.1,acinetobacter,pseudomonas,QNJ57478.1,pseudomonas,MT711889,official_cdhit_seq_cluster_40_00860,MW176032,official_cdhit_seq_cluster_40_01123,26.420,,46,,7.82e-10,60.8,False,
test,QXO06716.1,acinetobacter,pseudomonas,QNJ57478.1,pseudomonas,MT711889,official_cdhit_seq_cluster_40_00860,MW176034,official_cdhit_seq_cluster_40_01123,26.667,,46,,4.61e-11,64.7,False,
test,QYC51346.1,acinetobacter,klebsiella,QBP28577.1,klebsiella,MK448236,official_cdhit_seq_cluster_40_02823,MZ593728,official_cdhit_seq_cluster_40_03737,30.556,,49,,1.46e-09,56.6,False,
test,QYC51347.1,acinetobacter,acinetobacter,WNA15511.1,acinetobacter,OR246918,official_cdhit_seq_cluster_40_00768,MZ593728,official_cdhit_seq_cluster_40_00811,36.877,,65,,2.06e-88,298.0,True,
test,QYC51727.1,acinetobacter,pseudomonas,WAX22804.1,pseudomonas,OP917824,official_cdhit_seq_cluster_40_02870,MZ618622,official_cdhit_seq_cluster_40_03737,32.051,,33,,8.44e-08,50.4,False,
test,QYC95367.1,pseudomonas,staphylococcus,QXV71944.1,staphylococcus,MZ488273,official_cdhit_seq_cluster_40_02531,MW526260,official_cdhit_seq_cluster_40_05019,38.889,,44,,6.3,23.9,False,
test,QYC95368.1,pseudomonas,pseudomonas,AFU62926.1,pseudomonas,JX863101,official_cdhit_seq_cluster_40_04291,MW526260,official_cdhit_seq_cluster_40_04310,51.584,,100,,1.89e-64,197.0,True,
test,QYC95369.1,pseudomonas,escherichia,USM81270.1,escherichia,MZ234015,official_cdhit_seq_cluster_40_00497,MW526260,official_cdhit_seq_cluster_40_02431,26.277,,91,,1.41e-30,125.0,False,
test,QYC95376.1,pseudomonas,pseudomonas,ALT58063.1,pseudomonas,KU245542,official_cdhit_seq_cluster_40_02129,MW526260,official_cdhit_seq_cluster_40_03250,30.348,,57,,1.20e-15,76.3,True,
test,QZI85319.1,acinetobacter,pseudomonas,WAX22804.1,pseudomonas,OP917824,official_cdhit_seq_cluster_40_02870,MZ712044,official_cdhit_seq_cluster_40_00865,34.568,,22,,2.60e-17,83.6,False,
test,QZI85320.1,acinetobacter,pseudomonas,WAX22804.1,pseudomonas,OP917824,official_cdhit_seq_cluster_40_02870,MZ712044,official_cdhit_seq_cluster_40_03737,31.707,,44,,1.40e-11,62.8,False,
test,UDG73296.1,escherichia,escherichia,ADA82322.1,escherichia,GU196278,official_cdhit_seq_cluster_40_00422,OK539620,official_cdhit_seq_cluster_40_01398,60.733,,25,,8.70e-58,210.0,True,
test,UFJ83440.1,acinetobacter,acinetobacter,QFG15400.1,acinetobacter,MN212906,official_cdhit_seq_cluster_40_00649,OK546191,official_cdhit_seq_cluster_40_01011,46.917,,99,,0.0,568.0,True,
test,UGO52510.1,enterococcus,enterococcus,CAD0299795.1,enterococcus,CAJDKB010000002,official_cdhit_seq_cluster_40_04995,OL539449,official_cdhit_seq_cluster_40_05021,35.227,,100,,2.96e-14,60.5,True,
test,UIE13749.1,enterococcus,enterococcus,CAD0299795.1,enterococcus,CAJDKB010000002,official_cdhit_seq_cluster_40_04995,OL505084,official_cdhit_seq_cluster_40_05021,36.364,,100,,5.65e-15,62.4,True,
test,UJQ43452.1,acinetobacter,acinetobacter,OQ031491_00031,acinetobacter,OQ031491,official_cdhit_seq_cluster_40_02731,OL743187,official_cdhit_seq_cluster_40_05023,30.000,,43,,1.3,24.6,True,
test,UJQ43526.1,acinetobacter,acinetobacter,UKM17074.1,acinetobacter,OM334891,official_cdhit_seq_cluster_40_01284,OL743187,official_cdhit_seq_cluster_40_01554,32.188,,78,,8.31e-64,224.0,True,
test,UMO77866.1,acinetobacter,acinetobacter,ON480525_00001,acinetobacter,ON480525,official_cdhit_seq_cluster_40_01279,OM471864,official_cdhit_seq_cluster_40_03737,50.442,,39,,3.04e-23,90.1,True,
test,UMO77867.1,acinetobacter,enterobacter,AAK28905.1,enterobacter,AF335538,official_cdhit_seq_cluster_40_01246,OM471864,official_cdhit_seq_cluster_40_00788,28.205,,34,,9.07e-21,95.9,False,
test,UNY40171.1,pseudomonas,escherichia,UIS66074.1,escherichia,OK254198,official_cdhit_seq_cluster_40_00367,OM654375,official_cdhit_seq_cluster_40_01610,33.333,,6,,2.1,30.0,False,
test,UNY42225.1,pseudomonas,pseudomonas,UVN13391.1,pseudomonas,ON857931,official_cdhit_seq_cluster_40_01014,OM418631,official_cdhit_seq_cluster_40_01452,57.534,,31,,8.49e-62,220.0,True,
test,UPO63092.1,pseudomonas,pseudomonas,ALT58063.1,pseudomonas,KU245542,official_cdhit_seq_cluster_40_02129,ON156559,official_cdhit_seq_cluster_40_03250,30.846,,65,,4.08e-17,79.7,True,
test,UQS93188.1,acinetobacter,pseudomonas,WAX22804.1,pseudomonas,OP917824,official_cdhit_seq_cluster_40_02870,ON036882,official_cdhit_seq_cluster_40_03737,29.457,,45,,1.68e-09,56.6,False,
test,UQS93189.1,acinetobacter,acinetobacter,AJT61388.1,acinetobacter,KP861230,official_cdhit_seq_cluster_40_02731,ON036882,official_cdhit_seq_cluster_40_00644,50.811,,23,,1.74e-51,183.0,True,
test,UQS93267.1,acinetobacter,pseudomonas,WAX22804.1,pseudomonas,OP917824,official_cdhit_seq_cluster_40_02870,ON036883,official_cdhit_seq_cluster_40_03737,31.783,,46,,6.66e-11,60.5,False,
test,UQS93268.1,acinetobacter,pseudomonas,WAX22804.1,pseudomonas,OP917824,official_cdhit_seq_cluster_40_02870,ON036883,official_cdhit_seq_cluster_40_01837,38.971,,21,,1.57e-18,87.0,False,
test,URC09351.1,escherichia,escherichia,AXY82583.1,escherichia,MH733496,official_cdhit_seq_cluster_40_00411,ON470594,official_cdhit_seq_cluster_40_01053,45.739,,87,,0.0,603.0,True,
test,URQ05102.1,acinetobacter,acinetobacter,AZU99445.1,acinetobacter,MK257723,official_cdhit_seq_cluster_40_00960,ON513429,official_cdhit_seq_cluster_40_00619,63.158,,33,,1.99e-85,288.0,True,
test,URQ05189.1,acinetobacter,acinetobacter,AZU99445.1,acinetobacter,MK257723,official_cdhit_seq_cluster_40_00960,ON210142,official_cdhit_seq_cluster_40_01704,91.954,,26,,1.06e-84,282.0,True,
test,URY98758.1,acinetobacter,klebsiella,QBP28577.1,klebsiella,MK448236,official_cdhit_seq_cluster_40_02823,ON237674,official_cdhit_seq_cluster_40_03737,30.986,,48,,1.27e-09,57.0,False,
test,URY98759.1,acinetobacter,acinetobacter,ASN73504.1,acinetobacter,MF033350,official_cdhit_seq_cluster_40_01282,ON237674,official_cdhit_seq_cluster_40_00619,38.525,,15,,1.86e-17,85.5,True,
test,USL87108.1,staphylococcus,staphylococcus,ARM68388.1,staphylococcus,KY653126,official_cdhit_seq_cluster_40_02347,ON550478,official_cdhit_seq_cluster_40_00996,46.736,,59,,2.66e-120,372.0,True,
test,USL87110.1,staphylococcus,staphylococcus,AHG23942.1,staphylococcus,KF929199,official_cdhit_seq_cluster_40_02095,ON550478,official_cdhit_seq_cluster_40_01475,32.171,,93,,1.21e-65,226.0,True,
test,UTQ72485.1,escherichia,escherichia,ADA82322.1,escherichia,GU196278,official_cdhit_seq_cluster_40_00422,ON548432,official_cdhit_seq_cluster_40_01398,60.733,,25,,2.43e-58,212.0,True,
test,UVD42134.1,acinetobacter,acinetobacter,QFG15400.1,acinetobacter,MN212906,official_cdhit_seq_cluster_40_00649,OP171942,official_cdhit_seq_cluster_40_01011,46.988,,99,,0.0,575.0,True,
test,UVN13820.1,pseudomonas,pseudomonas,AFU62926.1,pseudomonas,JX863101,official_cdhit_seq_cluster_40_04291,ON857936,official_cdhit_seq_cluster_40_04310,52.294,,100,,8.77e-64,195.0,True,
test,UYE90188.1,pseudomonas,escherichia,USM81270.1,escherichia,MZ234015,official_cdhit_seq_cluster_40_00497,OP342787,official_cdhit_seq_cluster_40_02431,27.184,,91,,1.22e-31,128.0,False,
test,UYE91976.1,klebsiella,klebsiella,QEA03296.1,klebsiella,MN163281,official_cdhit_seq_cluster_40_00500,OP495736,official_cdhit_seq_cluster_40_01764,51.515,,9,,1.18e-11,66.6,True,
test,UYE94878.1,klebsiella,klebsiella,QWT56636.1,klebsiella,MW590329,official_cdhit_seq_cluster_40_00598,OP114731,official_cdhit_seq_cluster_40_00947,91.429,,17,,7.89e-85,278.0,True,
test,UYL86099.1,acinetobacter,klebsiella,QBP28577.1,klebsiella,MK448236,official_cdhit_seq_cluster_40_02823,OP585104,official_cdhit_seq_cluster_40_03737,31.250,,49,,3.85e-10,58.5,False,
test,UYL86100.1,acinetobacter,acinetobacter,AJT61388.1,acinetobacter,KP861230,official_cdhit_seq_cluster_40_02731,OP585104,official_cdhit_seq_cluster_40_00644,50.811,,23,,2.23e-51,182.0,True,
test,WAK44760.1,acinetobacter,acinetobacter,QFG15400.1,acinetobacter,MN212906,official_cdhit_seq_cluster_40_00649,OP727261,official_cdhit_seq_cluster_40_01011,46.720,,99,,0.0,565.0,True,
test,WAW11689.1,acinetobacter,acinetobacter,UAW10085.1,acinetobacter,MZ936316,official_cdhit_seq_cluster_40_00819,OQ032512,official_cdhit_seq_cluster_40_00485,26.496,,66,,4.19e-35,142.0,True,
test,WAW11691.1,acinetobacter,escherichia,QXN68336.1,escherichia,MZ436830,official_cdhit_seq_cluster_40_00146,OQ032512,official_cdhit_seq_cluster_40_00615,27.206,,13,,0.68,32.3,False,
test,WAW11692.1,acinetobacter,pseudomonas,UKL15076.1,pseudomonas,OM223115,official_cdhit_seq_cluster_40_00579,OQ032512,official_cdhit_seq_cluster_40_00764,27.329,,17,,2.91e-05,46.2,False,
test,WAW11695.1,acinetobacter,acinetobacter,QJS52931.1,acinetobacter,MT361972,official_cdhit_seq_cluster_40_00337,OQ032512,official_cdhit_seq_cluster_40_00977,25.108,,23,,1.40e-06,50.4,True,
test,WAX14252.1,escherichia,escherichia,WBF04936.1,escherichia,OQ025076,official_cdhit_seq_cluster_40_03896,OP172790,official_cdhit_seq_cluster_40_03689,26.557,,100,,3.79e-16,75.1,True,
test,WAX14256.1,escherichia,escherichia,UNY42474.1,escherichia,OM313461,official_cdhit_seq_cluster_40_04244,OP172790,official_cdhit_seq_cluster_40_03959,41.509,,41,,3.77e-23,92.4,True,
test,WAX23528.1,pseudomonas,pseudomonas,USL86581.1,pseudomonas,ON631220,official_cdhit_seq_cluster_40_03403,OP953026,official_cdhit_seq_cluster_40_03388,24.294,,99,,1.08e-05,45.1,True,
test,WCO82116.1,pseudomonas,pseudomonas,DBA08474.1,pseudomonas,BK061480,official_cdhit_seq_cluster_40_03913,OQ183418,official_cdhit_seq_cluster_40_02392,67.424,,60,,2.15e-55,181.0,True,
test,WCO82118.1,pseudomonas,pseudomonas,UOL48387.1,pseudomonas,OM982619,official_cdhit_seq_cluster_40_04201,OQ183418,official_cdhit_seq_cluster_40_04246,25.352,,61,,0.008,35.0,True,
test,WEU80538.1,klebsiella,klebsiella,WIT94201.1,klebsiella,OQ622005,official_cdhit_seq_cluster_40_00877,OQ579030,official_cdhit_seq_cluster_40_02279,59.926,,99,,0.0,640.0,True,
test,WEU80595.1,klebsiella,klebsiella,WIT94201.1,klebsiella,OQ622005,official_cdhit_seq_cluster_40_00877,OQ579031,official_cdhit_seq_cluster_40_02279,59.743,,99,,0.0,638.0,True,
test,WFD61290.1,acinetobacter,escherichia,QHR65034.1,escherichia,MN850565,official_cdhit_seq_cluster_40_01035,OQ547903,official_cdhit_seq_cluster_40_01147,28.571,,53,,5.56e-40,156.0,False,
test,WFD61291.1,acinetobacter,klebsiella,QBP28577.1,klebsiella,MK448236,official_cdhit_seq_cluster_40_02823,OQ547903,official_cdhit_seq_cluster_40_03737,34.021,,39,,1.95e-08,52.8,False,
test,WFP47278.1,pseudomonas,klebsiella,QOQ37661.1,klebsiella,MT894004,official_cdhit_seq_cluster_40_04354,OQ067610,official_cdhit_seq_cluster_40_04209,31.250,,28,,3.7,26.9,False,
test,WGL30798.1,staphylococcus,staphylococcus,AHG23942.1,staphylococcus,KF929199,official_cdhit_seq_cluster_40_02095,OQ623150,official_cdhit_seq_cluster_40_01475,31.395,,93,,4.32e-66,227.0,True,
test,WHB31241.1,acinetobacter,enterobacter,AAX45913.1,enterobacter,AY848689,official_cdhit_seq_cluster_40_02027,OQ689089,official_cdhit_seq_cluster_40_01617,27.103,,13,,1.8,30.0,False,
test,WHB31252.1,acinetobacter,pseudomonas,WAX22804.1,pseudomonas,OP917824,official_cdhit_seq_cluster_40_02870,OQ689089,official_cdhit_seq_cluster_40_03737,29.268,,43,,2.78e-09,55.8,False,
test,WHB31253.1,acinetobacter,acinetobacter,QOV07800.1,acinetobacter,MW056502,official_cdhit_seq_cluster_40_00649,OQ689089,official_cdhit_seq_cluster_40_01704,70.690,,9,,3.00e-20,93.6,True,
test,WIC41641.1,pseudomonas,escherichia,USM81270.1,escherichia,MZ234015,official_cdhit_seq_cluster_40_00497,OQ427617,official_cdhit_seq_cluster_40_02431,26.277,,91,,1.09e-30,125.0,False,
test,WID30617.1,pseudomonas,pseudomonas,ALT58063.1,pseudomonas,KU245542,official_cdhit_seq_cluster_40_02129,OQ338181,official_cdhit_seq_cluster_40_03250,30.348,,65,,1.28e-15,75.5,True,
test,WID30625.1,pseudomonas,pseudomonas,AFU62926.1,pseudomonas,JX863101,official_cdhit_seq_cluster_40_04291,OQ338181,official_cdhit_seq_cluster_40_04310,52.941,,100,,9.71e-65,197.0,True,
test,WID41884.1,acinetobacter,acinetobacter,QFG15400.1,acinetobacter,MN212906,official_cdhit_seq_cluster_40_00649,OQ730192,official_cdhit_seq_cluster_40_01011,46.452,,99,,0.0,564.0,True,
test,WID41936.1,pseudomonas,pseudomonas,ACH86145.1,pseudomonas,EU982300,official_cdhit_seq_cluster_40_03046,OQ504958,official_cdhit_seq_cluster_40_04087,53.623,,28,,1.16e-20,88.2,True,
test,WJZ47808.1,acinetobacter,acinetobacter,MG599035_00051,acinetobacter,MG599035,official_cdhit_seq_cluster_40_00649,OR126895,official_cdhit_seq_cluster_40_01011,42.612,,86,,1.09e-136,415.0,True,
test,WJZ47809.1,acinetobacter,pseudomonas,WAX22804.1,pseudomonas,OP917824,official_cdhit_seq_cluster_40_02870,OR126895,official_cdhit_seq_cluster_40_03737,31.008,,45,,8.43e-11,60.5,False,
test,WKV23613.1,acinetobacter,acinetobacter,UVD33039.1,acinetobacter,OP019135,official_cdhit_seq_cluster_40_01503,OQ982387,official_cdhit_seq_cluster_40_01051,80.275,,28,,8.03e-101,325.0,True,
test,WMC00252.1,acinetobacter,enterobacter,AAX45542.1,enterobacter,AY848684,official_cdhit_seq_cluster_40_02027,OR045355,official_cdhit_seq_cluster_40_01617,27.103,,13,,0.98,31.2,False,
test,WMC00261.1,acinetobacter,klebsiella,QBP28577.1,klebsiella,MK448236,official_cdhit_seq_cluster_40_02823,OR045355,official_cdhit_seq_cluster_40_03737,33.540,,56,,4.43e-13,67.4,False,
test,WMC00262.1,acinetobacter,acinetobacter,QOV07748.1,acinetobacter,MW056501,official_cdhit_seq_cluster_40_00887,OR045355,official_cdhit_seq_cluster_40_00656,43.750,,82,,1.71e-152,464.0,True,
test,WMC00408.1,acinetobacter,acinetobacter,QOV07748.1,acinetobacter,MW056501,official_cdhit_seq_cluster_40_00887,OR045356,official_cdhit_seq_cluster_40_04888,31.522,,71,,3.58e-05,40.4,True,
test,WMC00409.1,acinetobacter,acinetobacter,UAW09916.1,acinetobacter,MZ868726,official_cdhit_seq_cluster_40_00887,OR045356,official_cdhit_seq_cluster_40_00656,38.028,,88,,2.31e-05,38.9,True,
test,WMC00413.1,acinetobacter,pseudomonas,WAX22804.1,pseudomonas,OP917824,official_cdhit_seq_cluster_40_02870,OR045356,official_cdhit_seq_cluster_40_00811,37.190,,76,,3.03e-17,75.9,False,
test,WMC00414.1,acinetobacter,acinetobacter,WNA15518.1,acinetobacter,OR246918,official_cdhit_seq_cluster_40_03029,OR045356,official_cdhit_seq_cluster_40_05037,50.000,,29,,0.17,27.7,True,
test,WMC00415.1,acinetobacter,klebsiella,QBP28577.1,klebsiella,MK448236,official_cdhit_seq_cluster_40_02823,OR045356,official_cdhit_seq_cluster_40_03737,26.984,,81,,0.005,32.3,False,
test,WMC00416.1,acinetobacter,pseudomonas,WAX22804.1,pseudomonas,OP917824,official_cdhit_seq_cluster_40_02870,OR045356,official_cdhit_seq_cluster_40_01243,41.509,,73,,0.15,27.7,False,
test,WMC00427.1,acinetobacter,pseudomonas,OU343168_00117,pseudomonas,OU343168,official_cdhit_seq_cluster_40_00577,OR045356,official_cdhit_seq_cluster_40_02016,29.268,,7,,5.7,28.5,False,
test,WMC00560.1,acinetobacter,klebsiella,QBP28577.1,klebsiella,MK448236,official_cdhit_seq_cluster_40_02823,OR045357,official_cdhit_seq_cluster_40_03737,33.540,,56,,5.00e-13,67.0,False,
test,WMC00591.1,acinetobacter,acinetobacter,QOV07748.1,acinetobacter,MW056501,official_cdhit_seq_cluster_40_00887,OR045358,official_cdhit_seq_cluster_40_00656,61.277,,60,,1.37e-91,291.0,True,
test,WMT10759.1,acinetobacter,acinetobacter,CAH1080222.1,acinetobacter,CAKLQF020000006,official_cdhit_seq_cluster_40_01279,OR192057,official_cdhit_seq_cluster_40_04417,43.434,,56,,1.93e-16,75.5,True,
test,WMT10760.1,acinetobacter,acinetobacter,ARQ94869.1,acinetobacter,KY888680,official_cdhit_seq_cluster_40_00649,OR192057,official_cdhit_seq_cluster_40_01011,37.403,,74,,1.76e-89,292.0,True,
test,WNA13871.1,enterococcus,enterococcus,QYW06709.1,enterococcus,MZ666130,official_cdhit_seq_cluster_40_04995,OR237563,official_cdhit_seq_cluster_40_05021,36.782,,99,,3.01e-12,55.5,True,
